法院名稱,登記案號,登記號數,案由,法人名稱,登記日期,類別,設立登記撤銷,設立登記註銷,明細,檔案位置,ID,法院代碼
臺灣澎湖地方法院,050登1,1,設立登記,社團法人澎湖縣民眾服務社,050/04/10,社團,,,http://cdcb.judicial.gov.tw/abbs/wkw/WHD6K05.jsp?ab=AAAdkxAAHAAADuuAAG&bc=050&cd=%B5%6E++++++++++++++++++&de=000001&ef=PHD&fg=1,output/details/PHD/050/000001/AAAdkxAAHAAADuuAAG.json,AAAdkxAAHAAADuuAAG,PHD
臺灣澎湖地方法院,054法登社1,2,設立登記,社團法人澎湖縣福建同鄉會,054/06/11,社團,,,http://cdcb.judicial.gov.tw/abbs/wkw/WHD6K05.jsp?ab=AAAdkxAAHAAAPleAAA&bc=054&cd=%AA%6B%B5%6E%AA%C0++++++++++++++&de=000001&ef=PHD&fg=1,output/details/PHD/054/000001/AAAdkxAAHAAAPleAAA.json,AAAdkxAAHAAAPleAAA,PHD
臺灣澎湖地方法院,058法登1,3,設立登記,財團法人台灣省澎湖縣馬公基督教國語禮拜堂,059/01/07,財團,,,http://cdcb.judicial.gov.tw/abbs/wkw/WHD6K05.jsp?ab=AAAdkxAAHAAAPleAAB&bc=058&cd=%AA%6B%B5%6E++++++++++++++++&de=000001&ef=PHD&fg=1,output/details/PHD/058/000001/AAAdkxAAHAAAPleAAB.json,AAAdkxAAHAAAPleAAB,PHD
臺灣澎湖地方法院,059法登1,3,變更登記,財團法人台灣省澎湖縣馬公基督教國語禮拜堂,059/04/28,財團,,,http://cdcb.judicial.gov.tw/abbs/wkw/WHD6K05.jsp?ab=AAAdkxAAHAAAPleAAC&bc=059&cd=%AA%6B%B5%6E++++++++++++++++&de=000001&ef=PHD&fg=1,output/details/PHD/059/000001/AAAdkxAAHAAAPleAAC.json,AAAdkxAAHAAAPleAAC,PHD
臺灣澎湖地方法院,059法登3,3,變更登記,財團法人台灣省澎湖縣馬公基督教會國語禮拜堂,059/06/24,財團,,,http://cdcb.judicial.gov.tw/abbs/wkw/WHD6K05.jsp?ab=AAAdkxAAHAAAPleAAD&bc=059&cd=%AA%6B%B5%6E++++++++++++++++&de=000003&ef=PHD&fg=1,output/details/PHD/059/000003/AAAdkxAAHAAAPleAAD.json,AAAdkxAAHAAAPleAAD,PHD
臺灣澎湖地方法院,061法登1,3,變更登記,財團法人台灣省澎湖縣馬公基督教會國語禮拜堂,061/06/14,財團,,,http://cdcb.judicial.gov.tw/abbs/wkw/WHD6K05.jsp?ab=AAAdkxAAHAAAPleAAE&bc=061&cd=%AA%6B%B5%6E++++++++++++++++&de=000001&ef=PHD&fg=1,output/details/PHD/061/000001/AAAdkxAAHAAAPleAAE.json,AAAdkxAAHAAAPleAAE,PHD
臺灣澎湖地方法院,061登法人2,4,設立登記,財團法人澎湖縣觀光協會,061/07/11,財團,,,http://cdcb.judicial.gov.tw/abbs/wkw/WHD6K05.jsp?ab=AAAdkxAAHAAAPlkAAF&bc=061&cd=%B5%6E%AA%6B%A4%48++++++++++++++&de=000002&ef=PHD&fg=1,output/details/PHD/061/000002/AAAdkxAAHAAAPlkAAF.json,AAAdkxAAHAAAPlkAAF,PHD
臺灣澎湖地方法院,064法登1,5,設立登記,財團法人台灣更生保護會澎湖區分會,064/02/26,財團,,,http://cdcb.judicial.gov.tw/abbs/wkw/WHD6K05.jsp?ab=AAAdkxAAHAAAPldAAE&bc=064&cd=%AA%6B%B5%6E++++++++++++++++&de=000001&ef=PHD&fg=1,output/details/PHD/064/000001/AAAdkxAAHAAAPldAAE.json,AAAdkxAAHAAAPldAAE,PHD
臺灣澎湖地方法院,064法登2,6,設立登記,財團法人澎湖縣馬公鎮鎖港里北極殿暨坤元寺廟會,064/03/20,財團,,,http://cdcb.judicial.gov.tw/abbs/wkw/WHD6K05.jsp?ab=AAAdkxAAHAAAPliAAE&bc=064&cd=%AA%6B%B5%6E++++++++++++++++&de=000002&ef=PHD&fg=1,output/details/PHD/064/000002/AAAdkxAAHAAAPliAAE.json,AAAdkxAAHAAAPliAAE,PHD
臺灣澎湖地方法院,065法登1,3,變更登記,財團法人台灣省澎湖縣馬公基督教會國語禮拜堂,065/06/09,財團,,,http://cdcb.judicial.gov.tw/abbs/wkw/WHD6K05.jsp?ab=AAAdkxAAHAAAPlnAAE&bc=065&cd=%AA%6B%B5%6E++++++++++++++++&de=000001&ef=PHD&fg=1,output/details/PHD/065/000001/AAAdkxAAHAAAPlnAAE.json,AAAdkxAAHAAAPlnAAE,PHD
臺灣澎湖地方法院,066登法人1,6,變更登記,財團法人澎湖縣馬公鎮鎖港里北極殿及坤元寺廟會,066/01/20,財團,,,http://cdcb.judicial.gov.tw/abbs/wkw/WHD6K05.jsp?ab=AAAdkxAAHAAAPleAAG&bc=066&cd=%B5%6E%AA%6B%A4%48++++++++++++++&de=000001&ef=PHD&fg=1,output/details/PHD/066/000001/AAAdkxAAHAAAPleAAG.json,AAAdkxAAHAAAPleAAG,PHD
臺灣澎湖地方法院,066登法人2,7,設立登記,財團法人天主教澎湖教區,066/04/23,財團,,,http://cdcb.judicial.gov.tw/abbs/wkw/WHD6K05.jsp?ab=AAAdkxAAHAAAPllAAB&bc=066&cd=%B5%6E%AA%6B%A4%48++++++++++++++&de=000002&ef=PHD&fg=1,output/details/PHD/066/000002/AAAdkxAAHAAAPllAAB.json,AAAdkxAAHAAAPllAAB,PHD
臺灣澎湖地方法院,066登法人3,5,解散及清算人任免,財團法人台灣更生保護會澎湖區分會,066/04/27,財團,,,http://cdcb.judicial.gov.tw/abbs/wkw/WHD6K05.jsp?ab=AAAdkxAAHAAAPldAAG&bc=066&cd=%B5%6E%AA%6B%A4%48++++++++++++++&de=000003&ef=PHD&fg=1,output/details/PHD/066/000003/AAAdkxAAHAAAPldAAG.json,AAAdkxAAHAAAPldAAG,PHD
臺灣澎湖地方法院,067法登1,8,設立登記,財團法人臺灣省澎湖縣馬公教會,067/07/17,財團,,,http://cdcb.judicial.gov.tw/abbs/wkw/WHD6K05.jsp?ab=AAAdkxAAHAAAPliAAF&bc=067&cd=%AA%6B%B5%6E++++++++++++++++&de=000001&ef=PHD&fg=1,output/details/PHD/067/000001/AAAdkxAAHAAAPliAAF.json,AAAdkxAAHAAAPliAAF,PHD
臺灣澎湖地方法院,069法登他11,9,設立登記,財團法人澎湖縣後備軍人獎學基金會,069/08/27,財團,,,http://cdcb.judicial.gov.tw/abbs/wkw/WHD6K05.jsp?ab=AAAdkxAAHAAAPliAAA&bc=069&cd=%AA%6B%B5%6E%A5%4C++++++++++++++&de=000011&ef=PHD&fg=1,output/details/PHD/069/000011/AAAdkxAAHAAAPliAAA.json,AAAdkxAAHAAAPliAAA,PHD
臺灣澎湖地方法院,071法登12,10,設立登記,財團法人澎湖縣馬公市薓裡里林燕力行獎學基金會,071/07/16,財團,,,http://cdcb.judicial.gov.tw/abbs/wkw/WHD6K05.jsp?ab=AAAdkxAAHAAADuuAAA&bc=071&cd=%AA%6B%B5%6E++++++++++++++++&de=000012&ef=PHD&fg=1,output/details/PHD/071/000012/AAAdkxAAHAAADuuAAA.json,AAAdkxAAHAAADuuAAA,PHD
臺灣澎湖地方法院,072法登1,4,變更登記,財團法人澎湖縣觀光協會,072/06/22,財團,,,http://cdcb.judicial.gov.tw/abbs/wkw/WHD6K05.jsp?ab=AAAdkxAAHAAAPlkAAG&bc=072&cd=%AA%6B%B5%6E++++++++++++++++&de=000001&ef=PHD&fg=1,output/details/PHD/072/000001/AAAdkxAAHAAAPlkAAG.json,AAAdkxAAHAAAPlkAAG,PHD
臺灣澎湖地方法院,072法登2,10,變更登記,財團法人澎湖縣馬公市薓裡里林燕力行獎學基金會,072/11/21,財團,,,http://cdcb.judicial.gov.tw/abbs/wkw/WHD6K05.jsp?ab=AAAdkxAAHAAAPlfAAE&bc=072&cd=%AA%6B%B5%6E++++++++++++++++&de=000002&ef=PHD&fg=1,output/details/PHD/072/000002/AAAdkxAAHAAAPlfAAE.json,AAAdkxAAHAAAPlfAAE,PHD
臺灣澎湖地方法院,073法登1,11,設立登記,財團法人台灣省菸酒公賣局澎湖分局職工福利委員會,073/08/03,財團,,,http://cdcb.judicial.gov.tw/abbs/wkw/WHD6K05.jsp?ab=AAAdkxAAHAAADu6AAD&bc=073&cd=%AA%6B%B5%6E++++++++++++++++&de=000001&ef=PHD&fg=1,output/details/PHD/073/000001/AAAdkxAAHAAADu6AAD.json,AAAdkxAAHAAADu6AAD,PHD
臺灣澎湖地方法院,074法登1,6,變更登記,財團法人澎湖縣馬公市鎖港里北極殿及坤元寺廟會,074/04/08,財團,,,http://cdcb.judicial.gov.tw/abbs/wkw/WHD6K05.jsp?ab=AAAdkxAAHAAAPlhAAA&bc=074&cd=%AA%6B%B5%6E++++++++++++++++&de=000001&ef=PHD&fg=1,output/details/PHD/074/000001/AAAdkxAAHAAAPlhAAA.json,AAAdkxAAHAAAPlhAAA,PHD
臺灣澎湖地方法院,074法登2,12,設立登記,財團法人台灣電力股份有限公司澎湖區職工福利委員會,074/10/07,財團,,,http://cdcb.judicial.gov.tw/abbs/wkw/WHD6K05.jsp?ab=AAAdkxAAHAAADu6AAC&bc=074&cd=%AA%6B%B5%6E++++++++++++++++&de=000002&ef=PHD&fg=1,output/details/PHD/074/000002/AAAdkxAAHAAADu6AAC.json,AAAdkxAAHAAADu6AAC,PHD
臺灣澎湖地方法院,075法登1,13,設立登記,財團法人澎湖縣博愛慈善會,075/04/03,財團,,,http://cdcb.judicial.gov.tw/abbs/wkw/WHD6K05.jsp?ab=AAAdkxAAHAAAPldAAC&bc=075&cd=%AA%6B%B5%6E++++++++++++++++&de=000001&ef=PHD&fg=1,output/details/PHD/075/000001/AAAdkxAAHAAAPldAAC.json,AAAdkxAAHAAAPldAAC,PHD
臺灣澎湖地方法院,075法登2,14,設立登記,社團法人澎湖縣博愛慈善會,075/08/13,社團,,,http://cdcb.judicial.gov.tw/abbs/wkw/WHD6K05.jsp?ab=AAAdkxAAHAAADu%2BAAC&bc=075&cd=%AA%6B%B5%6E++++++++++++++++&de=000002&ef=PHD&fg=1,output/details/PHD/075/000002/AAAdkxAAHAAADu+AAC.json,AAAdkxAAHAAADu+AAC,PHD
臺灣澎湖地方法院,076法登1,15,設立登記,財團法人澎湖縣慈善服務基金會,076/02/05,財團,,,http://cdcb.judicial.gov.tw/abbs/wkw/WHD6K05.jsp?ab=AAAdkxAAHAAADu%2BAAB&bc=076&cd=%AA%6B%B5%6E++++++++++++++++&de=000001&ef=PHD&fg=1,output/details/PHD/076/000001/AAAdkxAAHAAADu+AAB.json,AAAdkxAAHAAADu+AAB,PHD
臺灣澎湖地方法院,076法登2,15,變更登記,財團法人澎湖縣慈善服務基金會,076/12/02,財團,,,http://cdcb.judicial.gov.tw/abbs/wkw/WHD6K05.jsp?ab=AAAdkxAAHAAADu%2BAAA&bc=076&cd=%AA%6B%B5%6E++++++++++++++++&de=000002&ef=PHD&fg=1,output/details/PHD/076/000002/AAAdkxAAHAAADu+AAA.json,AAAdkxAAHAAADu+AAA,PHD
臺灣澎湖地方法院,077法登1,16,設立登記,財團法人澎湖縣文化基金會,077/06/29,財團,,,http://cdcb.judicial.gov.tw/abbs/wkw/WHD6K05.jsp?ab=AAAdkxAAHAAAPliAAB&bc=077&cd=%AA%6B%B5%6E++++++++++++++++&de=000001&ef=PHD&fg=1,output/details/PHD/077/000001/AAAdkxAAHAAAPliAAB.json,AAAdkxAAHAAAPliAAB,PHD
臺灣澎湖地方法院,077法登2,15,變更登記,財團法人澎湖縣慈善服務基金會,077/08/03,財團,,,http://cdcb.judicial.gov.tw/abbs/wkw/WHD6K05.jsp?ab=AAAdkxAAHAAAPliAAC&bc=077&cd=%AA%6B%B5%6E++++++++++++++++&de=000002&ef=PHD&fg=1,output/details/PHD/077/000002/AAAdkxAAHAAAPliAAC.json,AAAdkxAAHAAAPliAAC,PHD
臺灣澎湖地方法院,078法登1,17,設立登記,社團法人中華民國退伍軍人協會澎湖縣分會,078/06/12,社團,,,http://cdcb.judicial.gov.tw/abbs/wkw/WHD6K05.jsp?ab=AAAdkxAAHAAADu6AAE&bc=078&cd=%AA%6B%B5%6E++++++++++++++++&de=000001&ef=PHD&fg=1,output/details/PHD/078/000001/AAAdkxAAHAAADu6AAE.json,AAAdkxAAHAAADu6AAE,PHD
臺灣澎湖地方法院,078法登2,18,設立登記,財團法人中國青年服務事業文教基金會澎湖縣分事務所,078/08/04,財團,,,http://cdcb.judicial.gov.tw/abbs/wkw/WHD6K05.jsp?ab=AAAdkxAAHAAADu6AAF&bc=078&cd=%AA%6B%B5%6E++++++++++++++++&de=000002&ef=PHD&fg=1,output/details/PHD/078/000002/AAAdkxAAHAAADu6AAF.json,AAAdkxAAHAAADu6AAF,PHD
臺灣澎湖地方法院,079法登1,16,變更登記,財團法人澎湖縣文化基金會,079/05/16,財團,,,http://cdcb.judicial.gov.tw/abbs/wkw/WHD6K05.jsp?ab=AAAdkxAAHAAAPliAAD&bc=079&cd=%AA%6B%B5%6E++++++++++++++++&de=000001&ef=PHD&fg=1,output/details/PHD/079/000001/AAAdkxAAHAAAPliAAD.json,AAAdkxAAHAAAPliAAD,PHD
臺灣澎湖地方法院,080法登1,19,設立登記,財團法人澎湖馬公城隍廟,080/09/27,財團,,,http://cdcb.judicial.gov.tw/abbs/wkw/WHD6K05.jsp?ab=AAAdkxAAHAAADvCAAF&bc=080&cd=%AA%6B%B5%6E++++++++++++++++&de=000001&ef=PHD&fg=1,output/details/PHD/080/000001/AAAdkxAAHAAADvCAAF.json,AAAdkxAAHAAADvCAAF,PHD
臺灣澎湖地方法院,081法登1,16,變更登記,財團法人澎湖縣文化基金會,081/02/21,財團,,,http://cdcb.judicial.gov.tw/abbs/wkw/WHD6K05.jsp?ab=AAAdkxAAHAAAPliAAG&bc=081&cd=%AA%6B%B5%6E++++++++++++++++&de=000001&ef=PHD&fg=1,output/details/PHD/081/000001/AAAdkxAAHAAAPliAAG.json,AAAdkxAAHAAAPliAAG,PHD
臺灣澎湖地方法院,081法登3,8,變更登記,財團法人臺灣省澎湖縣馬公教會,081/05/01,財團,,,http://cdcb.judicial.gov.tw/abbs/wkw/WHD6K05.jsp?ab=AAAdkxAAHAAAPldAAA&bc=081&cd=%AA%6B%B5%6E++++++++++++++++&de=000003&ef=PHD&fg=1,output/details/PHD/081/000003/AAAdkxAAHAAAPldAAA.json,AAAdkxAAHAAAPldAAA,PHD
臺灣澎湖地方法院,081法登4,20,設立登記,社團法人澎湖縣退休警察人員協會,081/05/12,社團,,,http://cdcb.judicial.gov.tw/abbs/wkw/WHD6K05.jsp?ab=AAAdkxAAHAAADuuAAC&bc=081&cd=%AA%6B%B5%6E++++++++++++++++&de=000004&ef=PHD&fg=1,output/details/PHD/081/000004/AAAdkxAAHAAADuuAAC.json,AAAdkxAAHAAADuuAAC,PHD
臺灣澎湖地方法院,081法登5,14,變更登記,社團法人澎湖縣博愛慈善會,081/06/29,社團,,,http://cdcb.judicial.gov.tw/abbs/wkw/WHD6K05.jsp?ab=AAAdkxAAHAAAPlaAAJ&bc=081&cd=%AA%6B%B5%6E++++++++++++++++&de=000005&ef=PHD&fg=1,output/details/PHD/081/000005/AAAdkxAAHAAAPlaAAJ.json,AAAdkxAAHAAAPlaAAJ,PHD
臺灣澎湖地方法院,081法登6,21,設立登記,社團法人澎湖縣湖西鄉許家社區發展協會,081/08/24,社團,,,http://cdcb.judicial.gov.tw/abbs/wkw/WHD6K05.jsp?ab=AAAdkxAAHAAADuuAAD&bc=081&cd=%AA%6B%B5%6E++++++++++++++++&de=000006&ef=PHD&fg=1,output/details/PHD/081/000006/AAAdkxAAHAAADuuAAD.json,AAAdkxAAHAAADuuAAD,PHD
臺灣澎湖地方法院,081法登7,2,變更登記,社團法人澎湖縣福建同鄉會,081/08/10,社團,,,http://cdcb.judicial.gov.tw/abbs/wkw/WHD6K05.jsp?ab=AAAdkxAAHAAADuuAAB&bc=081&cd=%AA%6B%B5%6E++++++++++++++++&de=000007&ef=PHD&fg=1,output/details/PHD/081/000007/AAAdkxAAHAAADuuAAB.json,AAAdkxAAHAAADuuAAB,PHD
臺灣澎湖地方法院,082法登4,23,設立登記,社團法人澎湖縣智障福利協進會,082/12/04,社團,,,http://cdcb.judicial.gov.tw/abbs/wkw/WHD6K05.jsp?ab=AAAdkxAAHAAAPljAAB&bc=082&cd=%AA%6B%B5%6E++++++++++++++++&de=000004&ef=PHD&fg=1,output/details/PHD/082/000004/AAAdkxAAHAAAPljAAB.json,AAAdkxAAHAAAPljAAB,PHD
臺灣澎湖地方法院,082法登他1,16,變更登記,財團法人澎湖縣文化基金會,082/04/07,財團,,,http://cdcb.judicial.gov.tw/abbs/wkw/WHD6K05.jsp?ab=AAAdkxAAHAAADu%2BAAD&bc=082&cd=%AA%6B%B5%6E%A5%4C++++++++++++++&de=000001&ef=PHD&fg=1,output/details/PHD/082/000001/AAAdkxAAHAAADu+AAD.json,AAAdkxAAHAAADu+AAD,PHD
臺灣澎湖地方法院,083法登2,24,設立登記,社團法人澎湖縣慈光慈善會,083/08/19,社團,,,http://cdcb.judicial.gov.tw/abbs/wkw/WHD6K05.jsp?ab=AAAdkxAAHAAAPljAAD&bc=083&cd=%AA%6B%B5%6E++++++++++++++++&de=000002&ef=PHD&fg=1,output/details/PHD/083/000002/AAAdkxAAHAAAPljAAD.json,AAAdkxAAHAAAPljAAD,PHD
臺灣澎湖地方法院,083法登3,24,變更登記,社團法人澎湖縣慈光慈善會,083/12/13,社團,,,http://cdcb.judicial.gov.tw/abbs/wkw/WHD6K05.jsp?ab=AAAdkxAAHAAAPljAAE&bc=083&cd=%AA%6B%B5%6E++++++++++++++++&de=000003&ef=PHD&fg=1,output/details/PHD/083/000003/AAAdkxAAHAAAPljAAE.json,AAAdkxAAHAAAPljAAE,PHD
臺灣澎湖地方法院,084法登1,16,變更登記,財團法人澎湖縣文化基金會,084/07/01,財團,,,http://cdcb.judicial.gov.tw/abbs/wkw/WHD6K05.jsp?ab=AAAdkxAAHAAADuyAAB&bc=084&cd=%AA%6B%B5%6E++++++++++++++++&de=000001&ef=PHD&fg=1,output/details/PHD/084/000001/AAAdkxAAHAAADuyAAB.json,AAAdkxAAHAAADuyAAB,PHD
臺灣澎湖地方法院,084法登他1,6,變更登記,財團法人澎湖縣馬公市鎖港里北極殿及坤元寺之廟會,084/09/23,財團,,,http://cdcb.judicial.gov.tw/abbs/wkw/WHD6K05.jsp?ab=AAAdkxAAHAAADuyAAD&bc=084&cd=%AA%6B%B5%6E%A5%4C++++++++++++++&de=000001&ef=PHD&fg=1,output/details/PHD/084/000001/AAAdkxAAHAAADuyAAD.json,AAAdkxAAHAAADuyAAD,PHD
臺灣澎湖地方法院,085法登他1,23,變更登記,社團法人澎湖縣智障者家長協會,085/03/01,社團,,,http://cdcb.judicial.gov.tw/abbs/wkw/WHD6K05.jsp?ab=AAAdkxAAHAAADuyAAE&bc=085&cd=%AA%6B%B5%6E%A5%4C++++++++++++++&de=000001&ef=PHD&fg=1,output/details/PHD/085/000001/AAAdkxAAHAAADuyAAE.json,AAAdkxAAHAAADuyAAE,PHD
臺灣澎湖地方法院,085法登財1,25,設立登記,財團法人澎湖縣體育發展基金會,085/04/16,財團,,,http://cdcb.judicial.gov.tw/abbs/wkw/WHD6K05.jsp?ab=AAAdkxAAHAAAPlnAAD&bc=085&cd=%AA%6B%B5%6E%B0%5D++++++++++++++&de=000001&ef=PHD&fg=1,output/details/PHD/085/000001/AAAdkxAAHAAAPlnAAD.json,AAAdkxAAHAAAPlnAAD,PHD
臺灣澎湖地方法院,085法登財2,26,設立登記,財團法人澎湖縣教育會文教基金會,085/11/18,財團,,,http://cdcb.judicial.gov.tw/abbs/wkw/WHD6K05.jsp?ab=AAAdkxAAHAAAPlnAAA&bc=085&cd=%AA%6B%B5%6E%B0%5D++++++++++++++&de=000002&ef=PHD&fg=1,output/details/PHD/085/000002/AAAdkxAAHAAAPlnAAA.json,AAAdkxAAHAAAPlnAAA,PHD
臺灣澎湖地方法院,086法登他1,23,變更登記,社團法人澎湖縣智障者家長協會,086/12/11,社團,,,http://cdcb.judicial.gov.tw/abbs/wkw/WHD6K05.jsp?ab=AAAdkxAAHAAAPlnAAB&bc=086&cd=%AA%6B%B5%6E%A5%4C++++++++++++++&de=000001&ef=PHD&fg=1,output/details/PHD/086/000001/AAAdkxAAHAAAPlnAAB.json,AAAdkxAAHAAAPlnAAB,PHD
臺灣澎湖地方法院,086法登社1,28,設立登記,社團法人中華民國保存澎湖縣西嶼鄉二崁村聚落協進會,086/01/23,社團,,,http://cdcb.judicial.gov.tw/abbs/wkw/WHD6K05.jsp?ab=AAAdkxAAHAAAPlnAAC&bc=086&cd=%AA%6B%B5%6E%AA%C0++++++++++++++&de=000001&ef=PHD&fg=1,output/details/PHD/086/000001/AAAdkxAAHAAAPlnAAC.json,AAAdkxAAHAAAPlnAAC,PHD
臺灣澎湖地方法院,086法登財1,27,設立登記,財團法人澎湖社區廣播事業基金會,086/01/21,財團,,,http://cdcb.judicial.gov.tw/abbs/wkw/WHD6K05.jsp?ab=AAAdkxAAHAAAPleAAF&bc=086&cd=%AA%6B%B5%6E%B0%5D++++++++++++++&de=000001&ef=PHD&fg=1,output/details/PHD/086/000001/AAAdkxAAHAAAPleAAF.json,AAAdkxAAHAAAPleAAF,PHD
臺灣澎湖地方法院,086法登財2,29,設立登記,財團法人林進丁先生文教基金會,086/10/02,財團,,,http://cdcb.judicial.gov.tw/abbs/wkw/WHD6K05.jsp?ab=AAAdkxAAHAAAPlkAAB&bc=086&cd=%AA%6B%B5%6E%B0%5D++++++++++++++&de=000002&ef=PHD&fg=1,output/details/PHD/086/000002/AAAdkxAAHAAAPlkAAB.json,AAAdkxAAHAAAPlkAAB,PHD
臺灣澎湖地方法院,087法登他1,6,變更登記,財團法人澎湖縣馬公市鎖港里北極殿及坤元寺之廟會,087/03/25,財團,,,http://cdcb.judicial.gov.tw/abbs/wkw/WHD6K05.jsp?ab=AAAdkxAAHAAAPlkAAC&bc=087&cd=%AA%6B%B5%6E%A5%4C++++++++++++++&de=000001&ef=PHD&fg=1,output/details/PHD/087/000001/AAAdkxAAHAAAPlkAAC.json,AAAdkxAAHAAAPlkAAC,PHD
臺灣澎湖地方法院,087法登他3,16,變更登記,財團法人澎湖縣文化基金會,087/06/05,財團,,,http://cdcb.judicial.gov.tw/abbs/wkw/WHD6K05.jsp?ab=AAAdkxAAHAAAPlkAAA&bc=087&cd=%AA%6B%B5%6E%A5%4C++++++++++++++&de=000003&ef=PHD&fg=1,output/details/PHD/087/000003/AAAdkxAAHAAAPlkAAA.json,AAAdkxAAHAAAPlkAAA,PHD
臺灣澎湖地方法院,087法登他4,15,變更登記,財團法人澎湖縣慈善服務基金會,087/08/13,財團,,,http://cdcb.judicial.gov.tw/abbs/wkw/WHD6K05.jsp?ab=AAAdkxAAHAAADvGAAC&bc=087&cd=%AA%6B%B5%6E%A5%4C++++++++++++++&de=000004&ef=PHD&fg=1,output/details/PHD/087/000004/AAAdkxAAHAAADvGAAC.json,AAAdkxAAHAAADvGAAC,PHD
臺灣澎湖地方法院,087法登他5,24,變更登記,社團法人澎湖縣慈光慈善會,087/09/08,社團,,,http://cdcb.judicial.gov.tw/abbs/wkw/WHD6K05.jsp?ab=AAAdkxAAHAAADvGAAD&bc=087&cd=%AA%6B%B5%6E%A5%4C++++++++++++++&de=000005&ef=PHD&fg=1,output/details/PHD/087/000005/AAAdkxAAHAAADvGAAD.json,AAAdkxAAHAAADvGAAD,PHD
臺灣澎湖地方法院,087法登他6,14,變更登記,社團法人澎湖縣博愛慈善會,087/10/30,社團,,,http://cdcb.judicial.gov.tw/abbs/wkw/WHD6K05.jsp?ab=AAAdkxAAHAAADvGAAE&bc=087&cd=%AA%6B%B5%6E%A5%4C++++++++++++++&de=000006&ef=PHD&fg=1,output/details/PHD/087/000006/AAAdkxAAHAAADvGAAE.json,AAAdkxAAHAAADvGAAE,PHD
臺灣澎湖地方法院,087法登財1,30,設立登記,財團法人中華基督教澎湖浸信會,087/07/14,財團,,,http://cdcb.judicial.gov.tw/abbs/wkw/WHD6K05.jsp?ab=AAAdkxAAHAAADu2AAC&bc=087&cd=%AA%6B%B5%6E%B0%5D++++++++++++++&de=000001&ef=PHD&fg=1,output/details/PHD/087/000001/AAAdkxAAHAAADu2AAC.json,AAAdkxAAHAAADu2AAC,PHD
臺灣澎湖地方法院,088法登他1,16,變更登記,財團法人澎湖縣文化基金會,088/10/12,財團,,,http://cdcb.judicial.gov.tw/abbs/wkw/WHD6K05.jsp?ab=AAAdkxAAHAAADu2AAD&bc=088&cd=%AA%6B%B5%6E%A5%4C++++++++++++++&de=000001&ef=PHD&fg=1,output/details/PHD/088/000001/AAAdkxAAHAAADu2AAD.json,AAAdkxAAHAAADu2AAD,PHD
臺灣澎湖地方法院,088法登社1,32,設立登記,社團法人澎湖縣棄犬救助協會,088/01/14,社團,,,http://cdcb.judicial.gov.tw/abbs/wkw/WHD6K05.jsp?ab=AAAdkxAAHAAADvGAAA&bc=088&cd=%AA%6B%B5%6E%AA%C0++++++++++++++&de=000001&ef=PHD&fg=1,output/details/PHD/088/000001/AAAdkxAAHAAADvGAAA.json,AAAdkxAAHAAADvGAAA,PHD
臺灣澎湖地方法院,088法登社2,33,設立登記,社團法人澎湖縣東衛呂氏宗親會,088/11/03,社團,,,http://cdcb.judicial.gov.tw/abbs/wkw/WHD6K05.jsp?ab=AAAdkxAAHAAADu2AAB&bc=088&cd=%AA%6B%B5%6E%AA%C0++++++++++++++&de=000002&ef=PHD&fg=1,output/details/PHD/088/000002/AAAdkxAAHAAADu2AAB.json,AAAdkxAAHAAADu2AAB,PHD
臺灣澎湖地方法院,088法登財1,34,設立登記,財團法人澎湖妙雲文教基金會,088/12/03,財團,,,http://cdcb.judicial.gov.tw/abbs/wkw/WHD6K05.jsp?ab=AAAdkxAAHAAADu6AAA&bc=088&cd=%AA%6B%B5%6E%B0%5D++++++++++++++&de=000001&ef=PHD&fg=1,output/details/PHD/088/000001/AAAdkxAAHAAADu6AAA.json,AAAdkxAAHAAADu6AAA,PHD
臺灣澎湖地方法院,089法登他1,26,變更登記,財團法人澎湖縣教育會文教基金會,089/10/31,財團,,,http://cdcb.judicial.gov.tw/abbs/wkw/WHD6K05.jsp?ab=AAAdkxAAHAAADu6AAB&bc=089&cd=%AA%6B%B5%6E%A5%4C++++++++++++++&de=000001&ef=PHD&fg=1,output/details/PHD/089/000001/AAAdkxAAHAAADu6AAB.json,AAAdkxAAHAAADu6AAB,PHD
臺灣澎湖地方法院,089法登社1,35,設立登記,社團法人澎湖縣馬公國際扶輪社,089/02/22,社團,,,http://cdcb.judicial.gov.tw/abbs/wkw/WHD6K05.jsp?ab=AAAdkxAAHAAADu2AAA&bc=089&cd=%AA%6B%B5%6E%AA%C0++++++++++++++&de=000001&ef=PHD&fg=1,output/details/PHD/089/000001/AAAdkxAAHAAADu2AAA.json,AAAdkxAAHAAADu2AAA,PHD
臺灣澎湖地方法院,089法登社2,36,設立登記,社團法人澎湖縣陳姓宗親會,089/08/01,社團,,,http://cdcb.judicial.gov.tw/abbs/wkw/WHD6K05.jsp?ab=AAAdkxAAHAAADuuAAI&bc=089&cd=%AA%6B%B5%6E%AA%C0++++++++++++++&de=000002&ef=PHD&fg=1,output/details/PHD/089/000002/AAAdkxAAHAAADuuAAI.json,AAAdkxAAHAAADuuAAI,PHD
臺灣澎湖地方法院,089法登社3,37,設立登記,社團法人澎湖縣青溪社會服務協會,089/10/26,社團,,,http://cdcb.judicial.gov.tw/abbs/wkw/WHD6K05.jsp?ab=AAAdkxAAHAAAPlfAAB&bc=089&cd=%AA%6B%B5%6E%AA%C0++++++++++++++&de=000003&ef=PHD&fg=1,output/details/PHD/089/000003/AAAdkxAAHAAAPlfAAB.json,AAAdkxAAHAAAPlfAAB,PHD
臺灣澎湖地方法院,090法登他1,25,變更登記,財團法人澎湖縣體育發展基金會,090/04/12,財團,,,http://cdcb.judicial.gov.tw/abbs/wkw/WHD6K05.jsp?ab=AAAdkxAAHAAAPlfAAC&bc=090&cd=%AA%6B%B5%6E%A5%4C++++++++++++++&de=000001&ef=PHD&fg=1,output/details/PHD/090/000001/AAAdkxAAHAAAPlfAAC.json,AAAdkxAAHAAAPlfAAC,PHD
臺灣澎湖地方法院,090法登他3,30,變更登記,財團法人中華基督教澎湖浸信會,090/06/18,財團,,,http://cdcb.judicial.gov.tw/abbs/wkw/WHD6K05.jsp?ab=AAAdkxAAHAAAPlfAAA&bc=090&cd=%AA%6B%B5%6E%A5%4C++++++++++++++&de=000003&ef=PHD&fg=1,output/details/PHD/090/000003/AAAdkxAAHAAAPlfAAA.json,AAAdkxAAHAAAPlfAAA,PHD
臺灣澎湖地方法院,090法登他5,16,變更登記,財團法人澎湖縣文化基金會,077/06/29,財團,,,http://cdcb.judicial.gov.tw/abbs/wkw/WHD6K05.jsp?ab=AAAdkxAAHAAAPlgAAE&bc=090&cd=%AA%6B%B5%6E%A5%4C++++++++++++++&de=000005&ef=PHD&fg=1,output/details/PHD/090/000005/AAAdkxAAHAAAPlgAAE.json,AAAdkxAAHAAAPlgAAE,PHD
臺灣澎湖地方法院,090法登他6,2,變更登記,社團法人澎湖縣福建同鄉會,054/06/11,社團,,,http://cdcb.judicial.gov.tw/abbs/wkw/WHD6K05.jsp?ab=AAAdkxAAHAAAPlnAAF&bc=090&cd=%AA%6B%B5%6E%A5%4C++++++++++++++&de=000006&ef=PHD&fg=1,output/details/PHD/090/000006/AAAdkxAAHAAAPlnAAF.json,AAAdkxAAHAAAPlnAAF,PHD
臺灣澎湖地方法院,090法登社1,38,設立登記,社團法人澎湖視障者協進會,090/05/14,社團,,,http://cdcb.judicial.gov.tw/abbs/wkw/WHD6K05.jsp?ab=AAAdkxAAHAAAPlgAAC&bc=090&cd=%AA%6B%B5%6E%AA%C0++++++++++++++&de=000001&ef=PHD&fg=1,output/details/PHD/090/000001/AAAdkxAAHAAAPlgAAC.json,AAAdkxAAHAAAPlgAAC,PHD
臺灣澎湖地方法院,090法登社2,41,設立登記,社團法人澎湖縣總工會,090/11/30,社團,,,http://cdcb.judicial.gov.tw/abbs/wkw/WHD6K05.jsp?ab=AAAdkxAAHAAAPllAAA&bc=090&cd=%AA%6B%B5%6E%AA%C0++++++++++++++&de=000002&ef=PHD&fg=1,output/details/PHD/090/000002/AAAdkxAAHAAAPllAAA.json,AAAdkxAAHAAAPllAAA,PHD
臺灣澎湖地方法院,090法登社3,42,設立登記,社團法人澎湖縣各業工人聯合會,090/12/24,社團,,,http://cdcb.judicial.gov.tw/abbs/wkw/WHD6K05.jsp?ab=AAAdkxAAHAAAPlgAAA&bc=090&cd=%AA%6B%B5%6E%AA%C0++++++++++++++&de=000003&ef=PHD&fg=1,output/details/PHD/090/000003/AAAdkxAAHAAAPlgAAA.json,AAAdkxAAHAAAPlgAAA,PHD
臺灣澎湖地方法院,090法登財1,39,設立登記,財團法人澎湖縣馬公市中興國民小學校務發展基金會,090/07/18,財團,,,http://cdcb.judicial.gov.tw/abbs/wkw/WHD6K05.jsp?ab=AAAdkxAAHAAAPlgAAB&bc=090&cd=%AA%6B%B5%6E%B0%5D++++++++++++++&de=000001&ef=PHD&fg=1,output/details/PHD/090/000001/AAAdkxAAHAAAPlgAAB.json,AAAdkxAAHAAAPlgAAB,PHD
臺灣澎湖地方法院,090法登財2,40,設立登記,財團法人伊能明子文教基金會,090/09/20,財團,,,http://cdcb.judicial.gov.tw/abbs/wkw/WHD6K05.jsp?ab=AAAdkxAAHAAAPlhAAD&bc=090&cd=%AA%6B%B5%6E%B0%5D++++++++++++++&de=000002&ef=PHD&fg=1,output/details/PHD/090/000002/AAAdkxAAHAAAPlhAAD.json,AAAdkxAAHAAAPlhAAD,PHD
臺灣澎湖地方法院,091法登他1,26,變更登記,財團法人澎湖縣教育會文教基金會,085/11/18,財團,,,http://cdcb.judicial.gov.tw/abbs/wkw/WHD6K05.jsp?ab=AAAdkxAAHAAADu%2BAAG&bc=091&cd=%AA%6B%B5%6E%A5%4C++++++++++++++&de=000001&ef=PHD&fg=1,output/details/PHD/091/000001/AAAdkxAAHAAADu+AAG.json,AAAdkxAAHAAADu+AAG,PHD
臺灣澎湖地方法院,091法登他2,27,變更登記,財團法人澎湖社區廣播事業基金會,086/01/21,財團,,,http://cdcb.judicial.gov.tw/abbs/wkw/WHD6K05.jsp?ab=AAAdkxAAHAAAPlhAAB&bc=091&cd=%AA%6B%B5%6E%A5%4C++++++++++++++&de=000002&ef=PHD&fg=1,output/details/PHD/091/000002/AAAdkxAAHAAAPlhAAB.json,AAAdkxAAHAAAPlhAAB,PHD
臺灣澎湖地方法院,091法登他3,9,變更登記,財團法人澎湖縣後備軍人子女獎學基金會,090/06/08,財團,,,http://cdcb.judicial.gov.tw/abbs/wkw/WHD6K05.jsp?ab=AAAdkxAAHAAAPlhAAC&bc=091&cd=%AA%6B%B5%6E%A5%4C++++++++++++++&de=000003&ef=PHD&fg=1,output/details/PHD/091/000003/AAAdkxAAHAAAPlhAAC.json,AAAdkxAAHAAAPlhAAC,PHD
臺灣澎湖地方法院,091法登他4,43,變更登記,財團法人辛氏宗祠,091/03/12,財團,,,http://cdcb.judicial.gov.tw/abbs/wkw/WHD6K05.jsp?ab=AAAdkxAAHAAADu%2BAAF&bc=091&cd=%AA%6B%B5%6E%A5%4C++++++++++++++&de=000004&ef=PHD&fg=1,output/details/PHD/091/000004/AAAdkxAAHAAADu+AAF.json,AAAdkxAAHAAADu+AAF,PHD
臺灣澎湖地方法院,091法登他5,44,變更登記,財團法人中華兒童暨家庭扶助基金會澎湖分事務所,091/04/17,財團,,,http://cdcb.judicial.gov.tw/abbs/wkw/WHD6K05.jsp?ab=AAAdkxAAHAAADuqAAF&bc=091&cd=%AA%6B%B5%6E%A5%4C++++++++++++++&de=000005&ef=PHD&fg=1,output/details/PHD/091/000005/AAAdkxAAHAAADuqAAF.json,AAAdkxAAHAAADuqAAF,PHD
臺灣澎湖地方法院,091法登財1,43,設立登記,財團法人辛氏宗祠,091/03/06,財團,,,http://cdcb.judicial.gov.tw/abbs/wkw/WHD6K05.jsp?ab=AAAdkxAAHAAAPlaAAI&bc=091&cd=%AA%6B%B5%6E%B0%5D++++++++++++++&de=000001&ef=PHD&fg=1,output/details/PHD/091/000001/AAAdkxAAHAAAPlaAAI.json,AAAdkxAAHAAAPlaAAI,PHD
臺灣澎湖地方法院,091法登財2,44,設立登記,財團法人中華兒童暨家庭扶助基金會澎湖分事務所,091/04/17,財團,,,http://cdcb.judicial.gov.tw/abbs/wkw/WHD6K05.jsp?ab=AAAdkxAAHAAADu%2BAAE&bc=091&cd=%AA%6B%B5%6E%B0%5D++++++++++++++&de=000002&ef=PHD&fg=1,output/details/PHD/091/000002/AAAdkxAAHAAADu+AAE.json,AAAdkxAAHAAADu+AAE,PHD
臺灣澎湖地方法院,092法登他1,27,變更登記,財團法人澎湖社區廣播事業基金會,086/01/21,財團,,,http://cdcb.judicial.gov.tw/abbs/wkw/WHD6K05.jsp?ab=AAAdkxAAHAAADuqAAE&bc=092&cd=%AA%6B%B5%6E%A5%4C++++++++++++++&de=000001&ef=PHD&fg=1,output/details/PHD/092/000001/AAAdkxAAHAAADuqAAE.json,AAAdkxAAHAAADuqAAE,PHD
臺灣澎湖地方法院,092法登他2,9,變更登記,財團法人澎湖縣後備軍人子女獎學基金會,092/11/28,財團,,,http://cdcb.judicial.gov.tw/abbs/wkw/WHD6K05.jsp?ab=AAAdkxAAHAAADuqAAB&bc=092&cd=%AA%6B%B5%6E%A5%4C++++++++++++++&de=000002&ef=PHD&fg=1,output/details/PHD/092/000002/AAAdkxAAHAAADuqAAB.json,AAAdkxAAHAAADuqAAB,PHD
臺灣澎湖地方法院,092法登他3,44,變更登記,財團法人臺灣兒童暨家庭扶助基金會澎湖分事務所,092/12/12,財團,,,http://cdcb.judicial.gov.tw/abbs/wkw/WHD6K05.jsp?ab=AAAdkxAAHAAADuqAAC&bc=092&cd=%AA%6B%B5%6E%A5%4C++++++++++++++&de=000003&ef=PHD&fg=1,output/details/PHD/092/000003/AAAdkxAAHAAADuqAAC.json,AAAdkxAAHAAADuqAAC,PHD
臺灣澎湖地方法院,092法登社1,45,設立登記,社團法人澎湖縣白沙鄉寶貝婦女關懷協會,092/10/24,社團,,,http://cdcb.judicial.gov.tw/abbs/wkw/WHD6K05.jsp?ab=AAAdkxAAHAAADuqAAD&bc=092&cd=%AA%6B%B5%6E%AA%C0++++++++++++++&de=000001&ef=PHD&fg=1,output/details/PHD/092/000001/AAAdkxAAHAAADuqAAD.json,AAAdkxAAHAAADuqAAD,PHD
臺灣澎湖地方法院,092法登社2,46,設立登記,社團法人澎湖縣照顧服務協會,092/12/11,社團,,,http://cdcb.judicial.gov.tw/abbs/wkw/WHD6K05.jsp?ab=AAAdkxAAHAAADuyAAF&bc=092&cd=%AA%6B%B5%6E%AA%C0++++++++++++++&de=000002&ef=PHD&fg=1,output/details/PHD/092/000002/AAAdkxAAHAAADuyAAF.json,AAAdkxAAHAAADuyAAF,PHD
臺灣澎湖地方法院,093法登他2,46,變更登記,社團法人澎湖縣照顧服務協會,093/03/19,社團,,,http://cdcb.judicial.gov.tw/abbs/wkw/WHD6K05.jsp?ab=AAAdkxAAHAAADvCAAB&bc=093&cd=%AA%6B%B5%6E%A5%4C++++++++++++++&de=000002&ef=PHD&fg=1,output/details/PHD/093/000002/AAAdkxAAHAAADvCAAB.json,AAAdkxAAHAAADvCAAB,PHD
臺灣澎湖地方法院,093法登他3,38,變更登記,社團法人澎湖視障者協進會,093/04/05,社團,,,http://cdcb.judicial.gov.tw/abbs/wkw/WHD6K05.jsp?ab=AAAdkxAAHAAADvCAAC&bc=093&cd=%AA%6B%B5%6E%A5%4C++++++++++++++&de=000003&ef=PHD&fg=1,output/details/PHD/093/000003/AAAdkxAAHAAADvCAAC.json,AAAdkxAAHAAADvCAAC,PHD
臺灣澎湖地方法院,093法登他4,30,變更登記,財團法人中華基督教澎湖浸信會,093/04/20,財團,,,http://cdcb.judicial.gov.tw/abbs/wkw/WHD6K05.jsp?ab=AAAdkxAAHAAADvCAAD&bc=093&cd=%AA%6B%B5%6E%A5%4C++++++++++++++&de=000004&ef=PHD&fg=1,output/details/PHD/093/000004/AAAdkxAAHAAADvCAAD.json,AAAdkxAAHAAADvCAAD,PHD
臺灣澎湖地方法院,093法登他5,16,變更登記,財團法人澎湖縣文化基金會,093/05/27,財團,,,http://cdcb.judicial.gov.tw/abbs/wkw/WHD6K05.jsp?ab=AAAdkxAAHAAADvCAAE&bc=093&cd=%AA%6B%B5%6E%A5%4C++++++++++++++&de=000005&ef=PHD&fg=1,output/details/PHD/093/000005/AAAdkxAAHAAADvCAAE.json,AAAdkxAAHAAADvCAAE,PHD
臺灣澎湖地方法院,093法登他6,19,變更登記,財團法人澎湖馬公城隍廟,093/06/08,財團,,,http://cdcb.judicial.gov.tw/abbs/wkw/WHD6K05.jsp?ab=AAAdkxAAHAAADvCAAG&bc=093&cd=%AA%6B%B5%6E%A5%4C++++++++++++++&de=000006&ef=PHD&fg=1,output/details/PHD/093/000006/AAAdkxAAHAAADvCAAG.json,AAAdkxAAHAAADvCAAG,PHD
臺灣澎湖地方法院,093法登社1,47,設立登記,社團法人中華民國菊島智庫學會,093/03/17,社團,,,http://cdcb.judicial.gov.tw/abbs/wkw/WHD6K05.jsp?ab=AAAdkxAAHAAADvCAAA&bc=093&cd=%AA%6B%B5%6E%AA%C0++++++++++++++&de=000001&ef=PHD&fg=1,output/details/PHD/093/000001/AAAdkxAAHAAADvCAAA.json,AAAdkxAAHAAADvCAAA,PHD
臺灣澎湖地方法院,093法登社2,48,設立登記,社團法人澎湖縣中華生物能氣功協會,093/07/15,社團,,,http://cdcb.judicial.gov.tw/abbs/wkw/WHD6K05.jsp?ab=AAAdkxAAHAAADvCAAH&bc=093&cd=%AA%6B%B5%6E%AA%C0++++++++++++++&de=000002&ef=PHD&fg=1,output/details/PHD/093/000002/AAAdkxAAHAAADvCAAH.json,AAAdkxAAHAAADvCAAH,PHD
臺灣澎湖地方法院,093法登社3,49,設立登記,社團法人澎湖縣全人生命教育關懷協會,093/10/07,社團,,,http://cdcb.judicial.gov.tw/abbs/wkw/WHD6K05.jsp?ab=AAAdkxAAHAAADvCAAI&bc=093&cd=%AA%6B%B5%6E%AA%C0++++++++++++++&de=000003&ef=PHD&fg=1,output/details/PHD/093/000003/AAAdkxAAHAAADvCAAI.json,AAAdkxAAHAAADvCAAI,PHD
臺灣澎湖地方法院,094法登他1,40,變更登記,財團法人伊能明子文教基金會,094/02/22,財團,,,http://cdcb.judicial.gov.tw/abbs/wkw/WHD6K05.jsp?ab=AAAdkxAAHAAAPllAAE&bc=094&cd=%AA%6B%B5%6E%A5%4C++++++++++++++&de=000001&ef=PHD&fg=1,output/details/PHD/094/000001/AAAdkxAAHAAAPllAAE.json,AAAdkxAAHAAAPllAAE,PHD
臺灣澎湖地方法院,094法登他2,44,變更登記,財團法人臺灣兒童暨家庭扶助基金會澎湖分事務所,094/07/04,財團,,,http://cdcb.judicial.gov.tw/abbs/wkw/WHD6K05.jsp?ab=AAAdkxAAHAAAPllAAG&bc=094&cd=%AA%6B%B5%6E%A5%4C++++++++++++++&de=000002&ef=PHD&fg=1,output/details/PHD/094/000002/AAAdkxAAHAAAPllAAG.json,AAAdkxAAHAAAPllAAG,PHD
臺灣澎湖地方法院,094法登社1,50,設立登記,社團法人澎湖康復之友協會,094/07/26,社團,,,http://cdcb.judicial.gov.tw/abbs/wkw/WHD6K05.jsp?ab=AAAdkxAAHAAAPllAAF&bc=094&cd=%AA%6B%B5%6E%AA%C0++++++++++++++&de=000001&ef=PHD&fg=1,output/details/PHD/094/000001/AAAdkxAAHAAAPllAAF.json,AAAdkxAAHAAAPllAAF,PHD
臺灣澎湖地方法院,094法登社2,51,設立登記,社團法人澎湖縣趙氏宗親會,094/12/29,社團,,,http://cdcb.judicial.gov.tw/abbs/wkw/WHD6K05.jsp?ab=AAAdkxAAHAAAPllAAH&bc=094&cd=%AA%6B%B5%6E%AA%C0++++++++++++++&de=000002&ef=PHD&fg=1,output/details/PHD/094/000002/AAAdkxAAHAAAPllAAH.json,AAAdkxAAHAAAPllAAH,PHD
臺灣澎湖地方法院,095法登他1,23,變更登記,社團法人澎湖縣智障者家長協會,095/04/20,社團,,,http://cdcb.judicial.gov.tw/abbs/wkw/WHD6K05.jsp?ab=AAAdkxAAHAAAPllAAI&bc=095&cd=%AA%6B%B5%6E%A5%4C++++++++++++++&de=000001&ef=PHD&fg=1,output/details/PHD/095/000001/AAAdkxAAHAAAPllAAI.json,AAAdkxAAHAAAPllAAI,PHD
臺灣澎湖地方法院,095法登他2,39,變更登記,財團法人澎湖縣馬公市中興國民小學校務發展基金會,095/04/19,財團,,,http://cdcb.judicial.gov.tw/abbs/wkw/WHD6K05.jsp?ab=AAAdkxAAHAAAPllAAJ&bc=095&cd=%AA%6B%B5%6E%A5%4C++++++++++++++&de=000002&ef=PHD&fg=1,output/details/PHD/095/000002/AAAdkxAAHAAAPllAAJ.json,AAAdkxAAHAAAPllAAJ,PHD
臺灣澎湖地方法院,095法登他3,46,變更登記,社團法人澎湖縣照顧服務協會,095/04/24,社團,,,http://cdcb.judicial.gov.tw/abbs/wkw/WHD6K05.jsp?ab=AAAdkxAAHAAAPldAAH&bc=095&cd=%AA%6B%B5%6E%A5%4C++++++++++++++&de=000003&ef=PHD&fg=1,output/details/PHD/095/000003/AAAdkxAAHAAAPldAAH.json,AAAdkxAAHAAAPldAAH,PHD
臺灣澎湖地方法院,095法登他5,15,變更登記,財團法人澎湖縣慈善服務基金會,095/07/26,財團,,,http://cdcb.judicial.gov.tw/abbs/wkw/WHD6K05.jsp?ab=AAAdkxAAHAAAPldAAK&bc=095&cd=%AA%6B%B5%6E%A5%4C++++++++++++++&de=000005&ef=PHD&fg=1,output/details/PHD/095/000005/AAAdkxAAHAAAPldAAK.json,AAAdkxAAHAAAPldAAK,PHD
臺灣澎湖地方法院,095法登他6,10,變更登記,財團法人澎湖縣馬公市薓裡里林燕力行獎學基金會,095/07/26,財團,,,http://cdcb.judicial.gov.tw/abbs/wkw/WHD6K05.jsp?ab=AAAdkxAAHAAAPldAAJ&bc=095&cd=%AA%6B%B5%6E%A5%4C++++++++++++++&de=000006&ef=PHD&fg=1,output/details/PHD/095/000006/AAAdkxAAHAAAPldAAJ.json,AAAdkxAAHAAAPldAAJ,PHD
臺灣澎湖地方法院,095法登他7,7,變更登記,財團法人天主教澎湖教區,095/07/27,財團,,,http://cdcb.judicial.gov.tw/abbs/wkw/WHD6K05.jsp?ab=AAAdkxAAHAAAPlfAAF&bc=095&cd=%AA%6B%B5%6E%A5%4C++++++++++++++&de=000007&ef=PHD&fg=1,output/details/PHD/095/000007/AAAdkxAAHAAAPlfAAF.json,AAAdkxAAHAAAPlfAAF,PHD
臺灣澎湖地方法院,095法登他9,44,變更登記,財團法人臺灣兒童暨家庭扶助基金會澎湖分事務所,095/09/26,財團,,,http://cdcb.judicial.gov.tw/abbs/wkw/WHD6K05.jsp?ab=AAAdkxAAHAAAPlfAAH&bc=095&cd=%AA%6B%B5%6E%A5%4C++++++++++++++&de=000009&ef=PHD&fg=1,output/details/PHD/095/000009/AAAdkxAAHAAAPlfAAH.json,AAAdkxAAHAAAPlfAAH,PHD
臺灣澎湖地方法院,096法登他3,30,變更登記,財團法人中華基督教澎湖浸信會,096/04/27,財團,,,http://cdcb.judicial.gov.tw/abbs/wkw/WHD6K05.jsp?ab=AAAdkxAAHAAAPlaAAB&bc=096&cd=%AA%6B%B5%6E%A5%4C++++++++++++++&de=000003&ef=PHD&fg=1,output/details/PHD/096/000003/AAAdkxAAHAAAPlaAAB.json,AAAdkxAAHAAAPlaAAB,PHD
臺灣澎湖地方法院,096法登他4,25,變更登記,財團法人澎湖縣體育發展基金會,096/05/03,財團,,,http://cdcb.judicial.gov.tw/abbs/wkw/WHD6K05.jsp?ab=AAAdkxAAHAAAPlaAAC&bc=096&cd=%AA%6B%B5%6E%A5%4C++++++++++++++&de=000004&ef=PHD&fg=1,output/details/PHD/096/000004/AAAdkxAAHAAAPlaAAC.json,AAAdkxAAHAAAPlaAAC,PHD
臺灣澎湖地方法院,096法登他5,50,變更登記,社團法人澎湖康復之友協會,096/07/20,社團,,,http://cdcb.judicial.gov.tw/abbs/wkw/WHD6K05.jsp?ab=AAAdkxAAHAAAPlaAAD&bc=096&cd=%AA%6B%B5%6E%A5%4C++++++++++++++&de=000005&ef=PHD&fg=1,output/details/PHD/096/000005/AAAdkxAAHAAAPlaAAD.json,AAAdkxAAHAAAPlaAAD,PHD
臺灣澎湖地方法院,096法登他6,52,變更登記,財團法人林重威基金會,096/11/30,財團,,,http://cdcb.judicial.gov.tw/abbs/wkw/WHD6K05.jsp?ab=AAAdkxAAHAAAPlgAAF&bc=096&cd=%AA%6B%B5%6E%A5%4C++++++++++++++&de=000006&ef=PHD&fg=1,output/details/PHD/096/000006/AAAdkxAAHAAAPlgAAF.json,AAAdkxAAHAAAPlgAAF,PHD
臺灣澎湖地方法院,096法登社1,53,設立登記,社團法人澎湖縣七美鄉南清協會,096/11/22,社團,,,http://cdcb.judicial.gov.tw/abbs/wkw/WHD6K05.jsp?ab=AAAdkxAAHAAAPlaAAF&bc=096&cd=%AA%6B%B5%6E%AA%C0++++++++++++++&de=000001&ef=PHD&fg=1,output/details/PHD/096/000001/AAAdkxAAHAAAPlaAAF.json,AAAdkxAAHAAAPlaAAF,PHD
臺灣澎湖地方法院,096法登財1,52,設立登記,財團法人林重威基金會,096/08/23,財團,,,http://cdcb.judicial.gov.tw/abbs/wkw/WHD6K05.jsp?ab=AAAdkxAAHAAAPlaAAE&bc=096&cd=%AA%6B%B5%6E%B0%5D++++++++++++++&de=000001&ef=PHD&fg=1,output/details/PHD/096/000001/AAAdkxAAHAAAPlaAAE.json,AAAdkxAAHAAAPlaAAE,PHD
臺灣澎湖地方法院,097法登他1,19,變更登記,財團法人澎湖馬公城隍廟,097/01/16,財團,,,http://cdcb.judicial.gov.tw/abbs/wkw/WHD6K05.jsp?ab=AAAdkxAAHAAAPlgAAG&bc=097&cd=%AA%6B%B5%6E%A5%4C++++++++++++++&de=000001&ef=PHD&fg=1,output/details/PHD/097/000001/AAAdkxAAHAAAPlgAAG.json,AAAdkxAAHAAAPlgAAG,PHD
臺灣澎湖地方法院,097法登他4,38,變更登記,社團法人澎湖視障者協進會,097/04/23,社團,,,http://cdcb.judicial.gov.tw/abbs/wkw/WHD6K05.jsp?ab=AAAdkxAAHAAAPlmAAD&bc=097&cd=%AA%6B%B5%6E%A5%4C++++++++++++++&de=000004&ef=PHD&fg=1,output/details/PHD/097/000004/AAAdkxAAHAAAPlmAAD.json,AAAdkxAAHAAAPlmAAD,PHD
臺灣澎湖地方法院,097法登他5,19,變更登記,財團法人澎湖馬公城隍廟,097/04/24,財團,,,http://cdcb.judicial.gov.tw/abbs/wkw/WHD6K05.jsp?ab=AAAdkxAAHAAAPlmAAC&bc=097&cd=%AA%6B%B5%6E%A5%4C++++++++++++++&de=000005&ef=PHD&fg=1,output/details/PHD/097/000005/AAAdkxAAHAAAPlmAAC.json,AAAdkxAAHAAAPlmAAC,PHD
臺灣澎湖地方法院,097法登他6,16,變更登記,財團法人澎湖縣文化基金會,097/04/28,財團,,,http://cdcb.judicial.gov.tw/abbs/wkw/WHD6K05.jsp?ab=AAAdkxAAHAAAPlmAAE&bc=097&cd=%AA%6B%B5%6E%A5%4C++++++++++++++&de=000006&ef=PHD&fg=1,output/details/PHD/097/000006/AAAdkxAAHAAAPlmAAE.json,AAAdkxAAHAAAPlmAAE,PHD
臺灣澎湖地方法院,097法登他7,19,變更登記,財團法人澎湖馬公城隍廟,097/06/18,財團,,,http://cdcb.judicial.gov.tw/abbs/wkw/WHD6K05.jsp?ab=AAAdkxAAHAAAPlmAAF&bc=097&cd=%AA%6B%B5%6E%A5%4C++++++++++++++&de=000007&ef=PHD&fg=1,output/details/PHD/097/000007/AAAdkxAAHAAAPlmAAF.json,AAAdkxAAHAAAPlmAAF,PHD
臺灣澎湖地方法院,097法登他8,31,變更登記,社團法人澎湖縣盲人福利協進會,097/07/28,社團,,,http://cdcb.judicial.gov.tw/abbs/wkw/WHD6K05.jsp?ab=AAAdkxAAHAAAPlmAAG&bc=097&cd=%AA%6B%B5%6E%A5%4C++++++++++++++&de=000008&ef=PHD&fg=1,output/details/PHD/097/000008/AAAdkxAAHAAAPlmAAG.json,AAAdkxAAHAAAPlmAAG,PHD
臺灣澎湖地方法院,097法登他9,27,變更登記,財團法人澎湖社區廣播事業基金會,097/10/17,財團,,,http://cdcb.judicial.gov.tw/abbs/wkw/WHD6K05.jsp?ab=AAAdkxAAHAAAPlmAAH&bc=097&cd=%AA%6B%B5%6E%A5%4C++++++++++++++&de=000009&ef=PHD&fg=1,output/details/PHD/097/000009/AAAdkxAAHAAAPlmAAH.json,AAAdkxAAHAAAPlmAAH,PHD
臺灣澎湖地方法院,097法登財1,54,設立登記,財團法人澎湖縣大關口觀音寺社會福利慈善事業基金會,097/12/10,財團,,,http://cdcb.judicial.gov.tw/abbs/wkw/WHD6K05.jsp?ab=AAAdkxAAHAAAPlmAAJ&bc=097&cd=%AA%6B%B5%6E%B0%5D++++++++++++++&de=000001&ef=PHD&fg=1,output/details/PHD/097/000001/AAAdkxAAHAAAPlmAAJ.json,AAAdkxAAHAAAPlmAAJ,PHD
臺灣澎湖地方法院,098法登他1,15,變更登記,財團法人澎湖縣慈善服務基金會,098/01/13,財團,,,http://cdcb.judicial.gov.tw/abbs/wkw/WHD6K05.jsp?ab=AAAdkxAAHAAADu2AAE&bc=098&cd=%AA%6B%B5%6E%A5%4C++++++++++++++&de=000001&ef=PHD&fg=1,output/details/PHD/098/000001/AAAdkxAAHAAADu2AAE.json,AAAdkxAAHAAADu2AAE,PHD
臺灣澎湖地方法院,098法登他2,34,變更登記,財團法人澎湖妙雲文教基金會,098/01/19,財團,,,http://cdcb.judicial.gov.tw/abbs/wkw/WHD6K05.jsp?ab=AAAdkxAAHAAADuqAAA&bc=098&cd=%AA%6B%B5%6E%A5%4C++++++++++++++&de=000002&ef=PHD&fg=1,output/details/PHD/098/000002/AAAdkxAAHAAADuqAAA.json,AAAdkxAAHAAADuqAAA,PHD
臺灣澎湖地方法院,098法登他3,43,變更登記,財團法人辛氏宗祠,098/03/05,財團,,,http://cdcb.judicial.gov.tw/abbs/wkw/WHD6K05.jsp?ab=AAAdkxAAHAAAPlkAAE&bc=098&cd=%AA%6B%B5%6E%A5%4C++++++++++++++&de=000003&ef=PHD&fg=1,output/details/PHD/098/000003/AAAdkxAAHAAAPlkAAE.json,AAAdkxAAHAAAPlkAAE,PHD
臺灣澎湖地方法院,098法登他5,46,變更登記,社團法人澎湖縣照顧服務協會,098/05/21,社團,,,http://cdcb.judicial.gov.tw/abbs/wkw/WHD6K05.jsp?ab=AAAdkxAAHAAADuyAAA&bc=098&cd=%AA%6B%B5%6E%A5%4C++++++++++++++&de=000005&ef=PHD&fg=1,output/details/PHD/098/000005/AAAdkxAAHAAADuyAAA.json,AAAdkxAAHAAADuyAAA,PHD
臺灣澎湖地方法院,098法登他6,29,變更登記,財團法人林進丁先生文教基金會,098/06/03,財團,,,http://cdcb.judicial.gov.tw/abbs/wkw/WHD6K05.jsp?ab=AAAdkxAAHAAADu6AAG&bc=098&cd=%AA%6B%B5%6E%A5%4C++++++++++++++&de=000006&ef=PHD&fg=1,output/details/PHD/098/000006/AAAdkxAAHAAADu6AAG.json,AAAdkxAAHAAADu6AAG,PHD
臺灣澎湖地方法院,098法登他8,44,變更登記,財團法人臺灣兒童暨家庭扶助基金會澎湖分事務所,098/08/21,財團,,,http://cdcb.judicial.gov.tw/abbs/wkw/WHD6K05.jsp?ab=AAAdkxAAHAAADuyAAH&bc=098&cd=%AA%6B%B5%6E%A5%4C++++++++++++++&de=000008&ef=PHD&fg=1,output/details/PHD/098/000008/AAAdkxAAHAAADuyAAH.json,AAAdkxAAHAAADuyAAH,PHD
臺灣澎湖地方法院,098法登社1,56,設立登記,社團法人澎湖縣西嶼鄉黃氏宗親會,098/11/25,社團,,,http://cdcb.judicial.gov.tw/abbs/wkw/WHD6K05.jsp?ab=AAAdkxAAHAAADuyAAG&bc=098&cd=%AA%6B%B5%6E%AA%C0++++++++++++++&de=000001&ef=PHD&fg=1,output/details/PHD/098/000001/AAAdkxAAHAAADuyAAG.json,AAAdkxAAHAAADuyAAG,PHD
臺灣澎湖地方法院,098法登財1,55,設立登記,財團法人辛氏祭祀公業管理委員會,098/10/12,財團,,,http://cdcb.judicial.gov.tw/abbs/wkw/WHD6K05.jsp?ab=AAAdkxAAHAAAPlaAAH&bc=098&cd=%AA%6B%B5%6E%B0%5D++++++++++++++&de=000001&ef=PHD&fg=1,output/details/PHD/098/000001/AAAdkxAAHAAAPlaAAH.json,AAAdkxAAHAAAPlaAAH,PHD
臺灣澎湖地方法院,098法登財2,57,設立登記,財團法人國立馬公高級中學教育事務基金會,098/12/16,財團,,,http://cdcb.judicial.gov.tw/abbs/wkw/WHD6K05.jsp?ab=AAAdkxAAHAAAPljAAG&bc=098&cd=%AA%6B%B5%6E%B0%5D++++++++++++++&de=000002&ef=PHD&fg=1,output/details/PHD/098/000002/AAAdkxAAHAAAPljAAG.json,AAAdkxAAHAAAPljAAG,PHD
臺灣澎湖地方法院,099法登他1,6,變更登記,財團法人澎湖縣馬公市鎖港里北極殿及坤元寺之廟會,099/04/12,財團,,,http://cdcb.judicial.gov.tw/abbs/wkw/WHD6K05.jsp?ab=AAAdkxAAHAAAPljAAF&bc=099&cd=%AA%6B%B5%6E%A5%4C++++++++++++++&de=000001&ef=PHD&fg=1,output/details/PHD/099/000001/AAAdkxAAHAAAPljAAF.json,AAAdkxAAHAAAPljAAF,PHD
臺灣澎湖地方法院,099法登他3,52,變更登記,財團法人林重威基金會,099/06/29,財團,,,http://cdcb.judicial.gov.tw/abbs/wkw/WHD6K05.jsp?ab=AAAdkxAAHAAAPlmAAK&bc=099&cd=%AA%6B%B5%6E%A5%4C++++++++++++++&de=000003&ef=PHD&fg=1,output/details/PHD/099/000003/AAAdkxAAHAAAPlmAAK.json,AAAdkxAAHAAAPlmAAK,PHD
臺灣澎湖地方法院,099法登他5,16,變更登記,財團法人澎湖縣文化基金會,099/08/31,財團,,,http://cdcb.judicial.gov.tw/abbs/wkw/WHD6K05.jsp?ab=AAAdkxAAHAAADvgAAB&bc=099&cd=%AA%6B%B5%6E%A5%4C++++++++++++++&de=000005&ef=PHD&fg=1,output/details/PHD/099/000005/AAAdkxAAHAAADvgAAB.json,AAAdkxAAHAAADvgAAB,PHD
臺灣澎湖地方法院,099法登社1,58,設立登記,社團法人澎湖縣兒童發展遲緩關懷協會,099/09/03,社團,,,http://cdcb.judicial.gov.tw/abbs/wkw/WHD6K05.jsp?ab=AAAdkxAAHAAADvgAAA&bc=099&cd=%AA%6B%B5%6E%AA%C0++++++++++++++&de=000001&ef=PHD&fg=1,output/details/PHD/099/000001/AAAdkxAAHAAADvgAAA.json,AAAdkxAAHAAADvgAAA,PHD
臺灣澎湖地方法院,099法登社2,59,設立登記,社團法人澎湖縣保母服務協會,099/12/08,社團,,,http://cdcb.judicial.gov.tw/abbs/wkw/WHD6K05.jsp?ab=AAAdkxAAHAAAExWAAF&bc=099&cd=%AA%6B%B5%6E%AA%C0++++++++++++++&de=000002&ef=PHD&fg=1,output/details/PHD/099/000002/AAAdkxAAHAAAExWAAF.json,AAAdkxAAHAAAExWAAF,PHD
臺灣澎湖地方法院,099法登社3,61,設立登記,社團法人澎湖縣王氏宗親會,099/12/29,社團,,,http://cdcb.judicial.gov.tw/abbs/wkw/WHD6K05.jsp?ab=AAAdkxAAHAAAGxtAAJ&bc=099&cd=%AA%6B%B5%6E%AA%C0++++++++++++++&de=000003&ef=PHD&fg=1,output/details/PHD/099/000003/AAAdkxAAHAAAGxtAAJ.json,AAAdkxAAHAAAGxtAAJ,PHD
臺灣澎湖地方法院,099法登財1,60,設立登記,財團法人張文津基金會,099/12/10,財團,,,http://cdcb.judicial.gov.tw/abbs/wkw/WHD6K05.jsp?ab=AAAdkxAAHAAACmfAAK&bc=099&cd=%AA%6B%B5%6E%B0%5D++++++++++++++&de=000001&ef=PHD&fg=1,output/details/PHD/099/000001/AAAdkxAAHAAACmfAAK.json,AAAdkxAAHAAACmfAAK,PHD
臺灣澎湖地方法院,100法登他1,39,變更登記,財團法人澎湖縣馬公市中興國民小學校務發展基金會,100/02/09,財團,,,http://cdcb.judicial.gov.tw/abbs/wkw/WHD6K05.jsp?ab=AAAdkxAAHAAAGyiAAG&bc=100&cd=%AA%6B%B5%6E%A5%4C++++++++++++++&de=000001&ef=PHD&fg=1,output/details/PHD/100/000001/AAAdkxAAHAAAGyiAAG.json,AAAdkxAAHAAAGyiAAG,PHD
臺灣澎湖地方法院,100法登他2,57,變更登記,財團法人國立馬公高級中學教育事務基金會,100/02/23,財團,,,http://cdcb.judicial.gov.tw/abbs/wkw/WHD6K05.jsp?ab=AAAdkxAAHAAAGzLAAI&bc=100&cd=%AA%6B%B5%6E%A5%4C++++++++++++++&de=000002&ef=PHD&fg=1,output/details/PHD/100/000002/AAAdkxAAHAAAGzLAAI.json,AAAdkxAAHAAAGzLAAI,PHD
臺灣澎湖地方法院,100法登他3,51,變更登記,社團法人澎湖縣趙氏宗親會,100/03/23,社團,,,http://cdcb.judicial.gov.tw/abbs/wkw/WHD6K05.jsp?ab=AAAdkxAAHAAAL1ZAAK&bc=100&cd=%AA%6B%B5%6E%A5%4C++++++++++++++&de=000003&ef=PHD&fg=1,output/details/PHD/100/000003/AAAdkxAAHAAAL1ZAAK.json,AAAdkxAAHAAAL1ZAAK,PHD
臺灣澎湖地方法院,100法登他4,50,變更登記,社團法人澎湖康復之友協會,100/04/06,社團,,,http://cdcb.judicial.gov.tw/abbs/wkw/WHD6K05.jsp?ab=AAAdkxAAHAAAJ%2F%2FAAI&bc=100&cd=%AA%6B%B5%6E%A5%4C++++++++++++++&de=000004&ef=PHD&fg=1,output/details/PHD/100/000004/AAAdkxAAHAAAJ--AAI.json,AAAdkxAAHAAAJ//AAI,PHD
臺灣澎湖地方法院,100法登他6,59,變更登記,社團法人澎湖縣保母服務協會,100/07/07,社團,,,http://cdcb.judicial.gov.tw/abbs/wkw/WHD6K05.jsp?ab=AAAdkxAAHAAAOzmAAE&bc=100&cd=%AA%6B%B5%6E%A5%4C++++++++++++++&de=000006&ef=PHD&fg=1,output/details/PHD/100/000006/AAAdkxAAHAAAOzmAAE.json,AAAdkxAAHAAAOzmAAE,PHD
臺灣澎湖地方法院,101法登他1,10,變更登記,財團法人澎湖縣馬公市薓裡里林燕力行獎學基金會,101/04/12,財團,,,http://cdcb.judicial.gov.tw/abbs/wkw/WHD6K05.jsp?ab=AAAdkxAAHAAAGBHAAF&bc=101&cd=%AA%6B%B5%6E%A5%4C++++++++++++++&de=000001&ef=PHD&fg=1,output/details/PHD/101/000001/AAAdkxAAHAAAGBHAAF.json,AAAdkxAAHAAAGBHAAF,PHD
臺灣澎湖地方法院,101法登他2,38,變更登記,社團法人澎湖視障者協進會,101/04/16,社團,,,http://cdcb.judicial.gov.tw/abbs/wkw/WHD6K05.jsp?ab=AAAdkxAAHAAAGAcAAK&bc=101&cd=%AA%6B%B5%6E%A5%4C++++++++++++++&de=000002&ef=PHD&fg=1,output/details/PHD/101/000002/AAAdkxAAHAAAGAcAAK.json,AAAdkxAAHAAAGAcAAK,PHD
臺灣澎湖地方法院,101法登他3,58,變更登記,社團法人澎湖縣慢飛天使服務協會,101/05/10,社團,,,http://cdcb.judicial.gov.tw/abbs/wkw/WHD6K05.jsp?ab=AAAdkxAAHAAAGB2AAC&bc=101&cd=%AA%6B%B5%6E%A5%4C++++++++++++++&de=000003&ef=PHD&fg=1,output/details/PHD/101/000003/AAAdkxAAHAAAGB2AAC.json,AAAdkxAAHAAAGB2AAC,PHD
臺灣澎湖地方法院,101法登他4,19,變更登記,財團法人澎湖馬公城隍廟,101/06/06,財團,,,http://cdcb.judicial.gov.tw/abbs/wkw/WHD6K05.jsp?ab=AAAdkxAAHAAAGEvAAF&bc=101&cd=%AA%6B%B5%6E%A5%4C++++++++++++++&de=000004&ef=PHD&fg=1,output/details/PHD/101/000004/AAAdkxAAHAAAGEvAAF.json,AAAdkxAAHAAAGEvAAF,PHD
臺灣澎湖地方法院,101法登他5,46,變更登記,社團法人澎湖縣照顧服務協會,101/06/19,社團,,,http://cdcb.judicial.gov.tw/abbs/wkw/WHD6K05.jsp?ab=AAAdkxAAHAAAGEMAAI&bc=101&cd=%AA%6B%B5%6E%A5%4C++++++++++++++&de=000005&ef=PHD&fg=1,output/details/PHD/101/000005/AAAdkxAAHAAAGEMAAI.json,AAAdkxAAHAAAGEMAAI,PHD
臺灣澎湖地方法院,101法登他6,15,變更登記,財團法人澎湖縣慈善服務基金會,101/08/22,財團,,,http://cdcb.judicial.gov.tw/abbs/wkw/WHD6K05.jsp?ab=AAAdkxAAHAAAGKuAAA&bc=101&cd=%AA%6B%B5%6E%A5%4C++++++++++++++&de=000006&ef=PHD&fg=1,output/details/PHD/101/000006/AAAdkxAAHAAAGKuAAA.json,AAAdkxAAHAAAGKuAAA,PHD
臺灣澎湖地方法院,101法登他7,44,變更登記,財團法人臺灣兒童暨家庭扶助基金會澎湖分事務所,101/09/28,財團,,,http://cdcb.judicial.gov.tw/abbs/wkw/WHD6K05.jsp?ab=AAAdkxAAHAAAGLNAAD&bc=101&cd=%AA%6B%B5%6E%A5%4C++++++++++++++&de=000007&ef=PHD&fg=1,output/details/PHD/101/000007/AAAdkxAAHAAAGLNAAD.json,AAAdkxAAHAAAGLNAAD,PHD
臺灣澎湖地方法院,101法登他8,42,變更登記,澎湖縣各業工人聯合會,101/11/14,社團,,,http://cdcb.judicial.gov.tw/abbs/wkw/WHD6K05.jsp?ab=AAAdkxAAHAAAGM8AAB&bc=101&cd=%AA%6B%B5%6E%A5%4C++++++++++++++&de=000008&ef=PHD&fg=1,output/details/PHD/101/000008/AAAdkxAAHAAAGM8AAB.json,AAAdkxAAHAAAGM8AAB,PHD
臺灣澎湖地方法院,101法登他9,57,變更登記,財團法人國立馬公高級中學教育事務基金會,101/12/20,財團,,,http://cdcb.judicial.gov.tw/abbs/wkw/WHD6K05.jsp?ab=AAAdkxAAHAAAGOFAAI&bc=101&cd=%AA%6B%B5%6E%A5%4C++++++++++++++&de=000009&ef=PHD&fg=1,output/details/PHD/101/000009/AAAdkxAAHAAAGOFAAI.json,AAAdkxAAHAAAGOFAAI,PHD
臺灣澎湖地方法院,101法登社2,65,設立登記,社團法人澎湖縣菊島智庫協會,101/10/16,社團,,,http://cdcb.judicial.gov.tw/abbs/wkw/WHD6K05.jsp?ab=AAAdkxAAHAAAGLOAAC&bc=101&cd=%AA%6B%B5%6E%AA%C0++++++++++++++&de=000002&ef=PHD&fg=1,output/details/PHD/101/000002/AAAdkxAAHAAAGLOAAC.json,AAAdkxAAHAAAGLOAAC,PHD
臺灣澎湖地方法院,101法登財1,64,設立登記,財團法人心傳教育基金會,101/02/29,財團,,,http://cdcb.judicial.gov.tw/abbs/wkw/WHD6K05.jsp?ab=AAAdkxAAHAAAF7gAAB&bc=101&cd=%AA%6B%B5%6E%B0%5D++++++++++++++&de=000001&ef=PHD&fg=1,output/details/PHD/101/000001/AAAdkxAAHAAAF7gAAB.json,AAAdkxAAHAAAF7gAAB,PHD
臺灣澎湖地方法院,102法登他1,59,變更登記,社團法人澎湖縣保母服務協會,102/01/28,社團,,,http://cdcb.judicial.gov.tw/abbs/wkw/WHD6K05.jsp?ab=AAAdkxAAHAAAGpfAAK&bc=102&cd=%AA%6B%B5%6E%A5%4C++++++++++++++&de=000001&ef=PHD&fg=1,output/details/PHD/102/000001/AAAdkxAAHAAAGpfAAK.json,AAAdkxAAHAAAGpfAAK,PHD
臺灣澎湖地方法院,102法登他2,50,變更登記,社團法人澎湖康復之友協會,102/03/08,社團,,,http://cdcb.judicial.gov.tw/abbs/wkw/WHD6K05.jsp?ab=AAAdkxAAHAAAGiOAAJ&bc=102&cd=%AA%6B%B5%6E%A5%4C++++++++++++++&de=000002&ef=PHD&fg=1,output/details/PHD/102/000002/AAAdkxAAHAAAGiOAAJ.json,AAAdkxAAHAAAGiOAAJ,PHD
臺灣澎湖地方法院,102法登他3,30,變更登記,財團法人中華基督教澎湖浸信會,102/05/01,財團,,,http://cdcb.judicial.gov.tw/abbs/wkw/WHD6K05.jsp?ab=AAAdkxAAHAAAGlBAAG&bc=102&cd=%AA%6B%B5%6E%A5%4C++++++++++++++&de=000003&ef=PHD&fg=1,output/details/PHD/102/000003/AAAdkxAAHAAAGlBAAG.json,AAAdkxAAHAAAGlBAAG,PHD
臺灣澎湖地方法院,102法登他4,57,解散及清算人任免,財團法人國立馬公高級中學教育事務基金會,102/05/15,財團,,,http://cdcb.judicial.gov.tw/abbs/wkw/WHD6K05.jsp?ab=AAAdkxAAHAAAGpfAAJ&bc=102&cd=%AA%6B%B5%6E%A5%4C++++++++++++++&de=000004&ef=PHD&fg=1,output/details/PHD/102/000004/AAAdkxAAHAAAGpfAAJ.json,AAAdkxAAHAAAGpfAAJ,PHD
臺灣澎湖地方法院,102法登他5,54,變更登記,財團法人澎湖縣大關口觀音寺社會福利慈善事業基金會,102/06/06,財團,,,http://cdcb.judicial.gov.tw/abbs/wkw/WHD6K05.jsp?ab=AAAdkxAAHAAAGl7AAK&bc=102&cd=%AA%6B%B5%6E%A5%4C++++++++++++++&de=000005&ef=PHD&fg=1,output/details/PHD/102/000005/AAAdkxAAHAAAGl7AAK.json,AAAdkxAAHAAAGl7AAK,PHD
臺灣澎湖地方法院,102法登他6,63,變更登記,社團法人澎湖縣旅遊解說協會,102/07/04,社團,,,http://cdcb.judicial.gov.tw/abbs/wkw/WHD6K05.jsp?ab=AAAdkxAAHAAAGoAAAC&bc=102&cd=%AA%6B%B5%6E%A5%4C++++++++++++++&de=000006&ef=PHD&fg=1,output/details/PHD/102/000006/AAAdkxAAHAAAGoAAAC.json,AAAdkxAAHAAAGoAAAC,PHD
臺灣澎湖地方法院,102法登他7,61,變更登記,社團法人澎湖縣王氏宗親會,102/07/12,社團,,,http://cdcb.judicial.gov.tw/abbs/wkw/WHD6K05.jsp?ab=AAAdkxAAHAAAGmBAAK&bc=102&cd=%AA%6B%B5%6E%A5%4C++++++++++++++&de=000007&ef=PHD&fg=1,output/details/PHD/102/000007/AAAdkxAAHAAAGmBAAK.json,AAAdkxAAHAAAGmBAAK,PHD
臺灣澎湖地方法院,102法登他8,52,變更登記,財團法人林重威基金會,102/07/17,財團,,,http://cdcb.judicial.gov.tw/abbs/wkw/WHD6K05.jsp?ab=AAAdkxAAHAAAGlsAAG&bc=102&cd=%AA%6B%B5%6E%A5%4C++++++++++++++&de=000008&ef=PHD&fg=1,output/details/PHD/102/000008/AAAdkxAAHAAAGlsAAG.json,AAAdkxAAHAAAGlsAAG,PHD
臺灣澎湖地方法院,102法登他9,57,清算終結,財團法人國立馬公高級中學教育事務基金會,102/07/18,財團,,,http://cdcb.judicial.gov.tw/abbs/wkw/WHD6K05.jsp?ab=AAAdkxAAHAAAGlsAAH&bc=102&cd=%AA%6B%B5%6E%A5%4C++++++++++++++&de=000009&ef=PHD&fg=1,output/details/PHD/102/000009/AAAdkxAAHAAAGlsAAH.json,AAAdkxAAHAAAGlsAAH,PHD
臺灣澎湖地方法院,102法登他10,16,變更登記,財團法人澎湖縣文化基金會,102/07/15,財團,,,http://cdcb.judicial.gov.tw/abbs/wkw/WHD6K05.jsp?ab=AAAdkxAAHAAAGnsAAG&bc=102&cd=%AA%6B%B5%6E%A5%4C++++++++++++++&de=000010&ef=PHD&fg=1,output/details/PHD/102/000010/AAAdkxAAHAAAGnsAAG.json,AAAdkxAAHAAAGnsAAG,PHD
臺灣澎湖地方法院,102法登他11,27,變更登記,財團法人澎湖社區廣播事業基金會,102/09/27,財團,,,http://cdcb.judicial.gov.tw/abbs/wkw/WHD6K05.jsp?ab=AAAdkxAAHAAAGn1AAK&bc=102&cd=%AA%6B%B5%6E%A5%4C++++++++++++++&de=000011&ef=PHD&fg=1,output/details/PHD/102/000011/AAAdkxAAHAAAGn1AAK.json,AAAdkxAAHAAAGn1AAK,PHD
臺灣澎湖地方法院,102法登社1,67,設立登記,社團法人澎湖縣祖厝文化推展協會,102/10/14,社團,,,http://cdcb.judicial.gov.tw/abbs/wkw/WHD6K05.jsp?ab=AAAdkxAAHAAAGosAAJ&bc=102&cd=%AA%6B%B5%6E%AA%C0++++++++++++++&de=000001&ef=PHD&fg=1,output/details/PHD/102/000001/AAAdkxAAHAAAGosAAJ.json,AAAdkxAAHAAAGosAAJ,PHD
臺灣澎湖地方法院,102法登財1,66,設立登記,財團法人百世多麗文化教育基金會,102/05/24,財團,,,http://cdcb.judicial.gov.tw/abbs/wkw/WHD6K05.jsp?ab=AAAdkxAAHAAAGmnAAI&bc=102&cd=%AA%6B%B5%6E%B0%5D++++++++++++++&de=000001&ef=PHD&fg=1,output/details/PHD/102/000001/AAAdkxAAHAAAGmnAAI.json,AAAdkxAAHAAAGmnAAI,PHD
臺灣澎湖地方法院,102法登財2,68,設立登記,財團法人澎湖縣助良社會福利慈善事業基金會,102/10/28,財團,,,http://cdcb.judicial.gov.tw/abbs/wkw/WHD6K05.jsp?ab=AAAdkxAAHAAAGpYAAB&bc=102&cd=%AA%6B%B5%6E%B0%5D++++++++++++++&de=000002&ef=PHD&fg=1,output/details/PHD/102/000002/AAAdkxAAHAAAGpYAAB.json,AAAdkxAAHAAAGpYAAB,PHD
臺灣澎湖地方法院,103法登他1,60,變更登記,財團法人張文津基金會,103/01/07,財團,,,http://cdcb.judicial.gov.tw/abbs/wkw/WHD6K05.jsp?ab=AAAdkxAAHAAAGpfAAI&bc=103&cd=%AA%6B%B5%6E%A5%4C++++++++++++++&de=000001&ef=PHD&fg=1,output/details/PHD/103/000001/AAAdkxAAHAAAGpfAAI.json,AAAdkxAAHAAAGpfAAI,PHD
臺灣澎湖地方法院,103法登他2,39,變更登記,財團法人澎湖縣馬公市中興國民小學校務發展基金會,103/03/25,財團,,,http://cdcb.judicial.gov.tw/abbs/wkw/WHD6K05.jsp?ab=AAAdkxAAHAAAGsHAAB&bc=103&cd=%AA%6B%B5%6E%A5%4C++++++++++++++&de=000002&ef=PHD&fg=1,output/details/PHD/103/000002/AAAdkxAAHAAAGsHAAB.json,AAAdkxAAHAAAGsHAAB,PHD
臺灣澎湖地方法院,103法登他3,58,變更登記,社團法人澎湖縣慢飛天使服務協會,103/03/25,社團,,,http://cdcb.judicial.gov.tw/abbs/wkw/WHD6K05.jsp?ab=AAAdkxAAHAAAGryAAI&bc=103&cd=%AA%6B%B5%6E%A5%4C++++++++++++++&de=000003&ef=PHD&fg=1,output/details/PHD/103/000003/AAAdkxAAHAAAGryAAI.json,AAAdkxAAHAAAGryAAI,PHD
臺灣澎湖地方法院,103法登社1,70,設立登記,社團法人澎湖縣民宿發展協會,103/03/04,社團,,,http://cdcb.judicial.gov.tw/abbs/wkw/WHD6K05.jsp?ab=AAAdkxAAHAAAGrkAAA&bc=103&cd=%AA%6B%B5%6E%AA%C0++++++++++++++&de=000001&ef=PHD&fg=1,output/details/PHD/103/000001/AAAdkxAAHAAAGrkAAA.json,AAAdkxAAHAAAGrkAAA,PHD
臺灣澎湖地方法院,103法登社2,71,設立登記,社團法人澎湖縣彩繪人生協會,103/09/04,社團,,,http://cdcb.judicial.gov.tw/abbs/wkw/WHD6K05.jsp?ab=AAAdkxAAHAAAGsZAAE&bc=103&cd=%AA%6B%B5%6E%AA%C0++++++++++++++&de=000002&ef=PHD&fg=1,output/details/PHD/103/000002/AAAdkxAAHAAAGsZAAE.json,AAAdkxAAHAAAGsZAAE,PHD
臺灣澎湖地方法院,103法登財1,69,設立登記,財團法人海洋公民基金會,103/01/03,財團,,,http://cdcb.judicial.gov.tw/abbs/wkw/WHD6K05.jsp?ab=AAAdkxAAHAAAGq%2BAAF&bc=103&cd=%AA%6B%B5%6E%B0%5D++++++++++++++&de=000001&ef=PHD&fg=1,output/details/PHD/103/000001/AAAdkxAAHAAAGq+AAF.json,AAAdkxAAHAAAGq+AAF,PHD
臺灣澎湖地方法院,104法登他1,6,變更登記,財團法人澎湖縣馬公市鎖港里北極殿及坤元寺之廟會,104/02/11,財團,,,http://cdcb.judicial.gov.tw/abbs/wkw/WHD6K05.jsp?ab=AAAdkxAAHAAAJrrAAK&bc=104&cd=%AA%6B%B5%6E%A5%4C++++++++++++++&de=000001&ef=PHD&fg=1,output/details/PHD/104/000001/AAAdkxAAHAAAJrrAAK.json,AAAdkxAAHAAAJrrAAK,PHD
臺灣澎湖地方法院,104法登他2,65,變更登記,社團法人澎湖縣菊島智庫協會,104/03/03,社團,,,http://cdcb.judicial.gov.tw/abbs/wkw/WHD6K05.jsp?ab=AAAdkxAAHAAAJoTAAB&bc=104&cd=%AA%6B%B5%6E%A5%4C++++++++++++++&de=000002&ef=PHD&fg=1,output/details/PHD/104/000002/AAAdkxAAHAAAJoTAAB.json,AAAdkxAAHAAAJoTAAB,PHD
臺灣澎湖地方法院,104法登他4,16,變更登記,財團法人澎湖縣文化基金會,104/04/23,財團,,,http://cdcb.judicial.gov.tw/abbs/wkw/WHD6K05.jsp?ab=AAAdkxAAHAAAJrGAAJ&bc=104&cd=%AA%6B%B5%6E%A5%4C++++++++++++++&de=000004&ef=PHD&fg=1,output/details/PHD/104/000004/AAAdkxAAHAAAJrGAAJ.json,AAAdkxAAHAAAJrGAAJ,PHD
臺灣澎湖地方法院,104法登他5,14,變更登記,社團法人澎湖縣博愛慈善會,104/06/03,社團,,,http://cdcb.judicial.gov.tw/abbs/wkw/WHD6K05.jsp?ab=AAAdkxAAHAAAJuPAAG&bc=104&cd=%AA%6B%B5%6E%A5%4C++++++++++++++&de=000005&ef=PHD&fg=1,output/details/PHD/104/000005/AAAdkxAAHAAAJuPAAG.json,AAAdkxAAHAAAJuPAAG,PHD
臺灣澎湖地方法院,104法登他6,63,變更登記,社團法人澎湖縣旅遊解說協會,104/07/03,社團,,,http://cdcb.judicial.gov.tw/abbs/wkw/WHD6K05.jsp?ab=AAAdkxAAHAAAJv%2FAAA&bc=104&cd=%AA%6B%B5%6E%A5%4C++++++++++++++&de=000006&ef=PHD&fg=1,output/details/PHD/104/000006/AAAdkxAAHAAAJv-AAA.json,AAAdkxAAHAAAJv/AAA,PHD
臺灣澎湖地方法院,104法登他7,61,變更登記,社團法人澎湖縣王氏宗親會,104/07/21,社團,,,http://cdcb.judicial.gov.tw/abbs/wkw/WHD6K05.jsp?ab=AAAdkxAAHAAAJvgAAG&bc=104&cd=%AA%6B%B5%6E%A5%4C++++++++++++++&de=000007&ef=PHD&fg=1,output/details/PHD/104/000007/AAAdkxAAHAAAJvgAAG.json,AAAdkxAAHAAAJvgAAG,PHD
臺灣澎湖地方法院,104法登他8,73,變更登記,社團法人澎湖縣肢體傷殘協會,104/08/03,社團,,,http://cdcb.judicial.gov.tw/abbs/wkw/WHD6K05.jsp?ab=AAAdkxAAHAAAJtXAAK&bc=104&cd=%AA%6B%B5%6E%A5%4C++++++++++++++&de=000008&ef=PHD&fg=1,output/details/PHD/104/000008/AAAdkxAAHAAAJtXAAK.json,AAAdkxAAHAAAJtXAAK,PHD
臺灣澎湖地方法院,104法登他9,69,變更登記,財團法人海洋公民基金會,104/08/11,財團,,,http://cdcb.judicial.gov.tw/abbs/wkw/WHD6K05.jsp?ab=AAAdkxAAHAAAJu0AAJ&bc=104&cd=%AA%6B%B5%6E%A5%4C++++++++++++++&de=000009&ef=PHD&fg=1,output/details/PHD/104/000009/AAAdkxAAHAAAJu0AAJ.json,AAAdkxAAHAAAJu0AAJ,PHD
臺灣澎湖地方法院,104法登他10,44,變更登記,財團法人臺灣兒童暨家庭扶助基金會澎湖分事務所,104/09/14,財團,,,http://cdcb.judicial.gov.tw/abbs/wkw/WHD6K05.jsp?ab=AAAdkxAAHAAAJvTAAC&bc=104&cd=%AA%6B%B5%6E%A5%4C++++++++++++++&de=000010&ef=PHD&fg=1,output/details/PHD/104/000010/AAAdkxAAHAAAJvTAAC.json,AAAdkxAAHAAAJvTAAC,PHD
臺灣澎湖地方法院,104法登社1,72,設立登記,社團法人澎湖縣身心障礙者服務協會,104/04/14,社團,,,http://cdcb.judicial.gov.tw/abbs/wkw/WHD6K05.jsp?ab=AAAdkxAAHAAAJrVAAB&bc=104&cd=%AA%6B%B5%6E%AA%C0++++++++++++++&de=000001&ef=PHD&fg=1,output/details/PHD/104/000001/AAAdkxAAHAAAJrVAAB.json,AAAdkxAAHAAAJrVAAB,PHD
臺灣澎湖地方法院,104法登社2,73,設立登記,社團法人澎湖縣肢體傷殘協會,104/07/21,社團,,,http://cdcb.judicial.gov.tw/abbs/wkw/WHD6K05.jsp?ab=AAAdkxAAHAAAJvqAAF&bc=104&cd=%AA%6B%B5%6E%AA%C0++++++++++++++&de=000002&ef=PHD&fg=1,output/details/PHD/104/000002/AAAdkxAAHAAAJvqAAF.json,AAAdkxAAHAAAJvqAAF,PHD
臺灣澎湖地方法院,104法登財1,74,設立登記,財團法人悅惠教育基金會,104/07/27,財團,,,http://cdcb.judicial.gov.tw/abbs/wkw/WHD6K05.jsp?ab=AAAdkxAAHAAAJv4AAF&bc=104&cd=%AA%6B%B5%6E%B0%5D++++++++++++++&de=000001&ef=PHD&fg=1,output/details/PHD/104/000001/AAAdkxAAHAAAJv4AAF.json,AAAdkxAAHAAAJv4AAF,PHD
臺灣澎湖地方法院,105法登社1,75,設立登記,社團法人澎湖縣社會扶助關懷協會,105/02/03,社團,,,http://cdcb.judicial.gov.tw/abbs/wkw/WHD6K05.jsp?ab=AAAdkxAAHAAAJwRAAG&bc=105&cd=%AA%6B%B5%6E%AA%C0++++++++++++++&de=000001&ef=PHD&fg=1,output/details/PHD/105/000001/AAAdkxAAHAAAJwRAAG.json,AAAdkxAAHAAAJwRAAG,PHD
臺灣澎湖地方法院,105法登他2,58,變更登記,社團法人澎湖縣慢飛天使服務協會,105/04/18,社團,,,http://cdcb.judicial.gov.tw/abbs/wkw/WHD6K05.jsp?ab=AAAdkxAAHAAAJ3KAAB&bc=105&cd=%AA%6B%B5%6E%A5%4C++++++++++++++&de=000002&ef=PHD&fg=1,output/details/PHD/105/000002/AAAdkxAAHAAAJ3KAAB.json,AAAdkxAAHAAAJ3KAAB,PHD
臺灣澎湖地方法院,105法登他2,58,變更登記,社團法人澎湖縣慢飛天使服務協會,105/04/25,社團,,,http://cdcb.judicial.gov.tw/abbs/wkw/WHD6K05.jsp?ab=AAAdkxAAHAAAJ1bAAF&bc=105&cd=%AA%6B%B5%6E%A5%4C++++++++++++++&de=000002&ef=PHD&fg=1,output/details/PHD/105/000002/AAAdkxAAHAAAJ1bAAF.json,AAAdkxAAHAAAJ1bAAF,PHD
臺灣澎湖地方法院,105法登他4,30,變更登記,財團法人中華基督教澎湖浸信會,105/05/02,財團,,,http://cdcb.judicial.gov.tw/abbs/wkw/WHD6K05.jsp?ab=AAAdkxAAHAAACeDAAK&bc=105&cd=%AA%6B%B5%6E%A5%4C++++++++++++++&de=000004&ef=PHD&fg=1,output/details/PHD/105/000004/AAAdkxAAHAAACeDAAK.json,AAAdkxAAHAAACeDAAK,PHD
臺灣澎湖地方法院,105法登他3,72,變更登記,社團法人澎湖縣身心障礙者服務協會,105/05/02,社團,,,http://cdcb.judicial.gov.tw/abbs/wkw/WHD6K05.jsp?ab=AAAdkxAAHAAAJ0%2FAAH&bc=105&cd=%AA%6B%B5%6E%A5%4C++++++++++++++&de=000003&ef=PHD&fg=1,output/details/PHD/105/000003/AAAdkxAAHAAAJ0-AAH.json,AAAdkxAAHAAAJ0/AAH,PHD
臺灣澎湖地方法院,105法登他5,8,變更登記,財團法人臺灣省澎湖縣馬公教會,105/05/05,財團,,,http://cdcb.judicial.gov.tw/abbs/wkw/WHD6K05.jsp?ab=AAAdkxAAHAAAJ1%2BAAM&bc=105&cd=%AA%6B%B5%6E%A5%4C++++++++++++++&de=000005&ef=PHD&fg=1,output/details/PHD/105/000005/AAAdkxAAHAAAJ1+AAM.json,AAAdkxAAHAAAJ1+AAM,PHD
臺灣澎湖地方法院,105法登他1,38,變更登記,社團法人澎湖視障者協進會,105/04/13,社團,,,http://cdcb.judicial.gov.tw/abbs/wkw/WHD6K05.jsp?ab=AAAdkxAAHAAAJ3LAAE&bc=105&cd=%AA%6B%B5%6E%A5%4C++++++++++++++&de=000001&ef=PHD&fg=1,output/details/PHD/105/000001/AAAdkxAAHAAAJ3LAAE.json,AAAdkxAAHAAAJ3LAAE,PHD
臺灣澎湖地方法院,105法登社2,76,設立登記,社團法人澎湖縣關懷服務協會,105/05/20,社團,,,http://cdcb.judicial.gov.tw/abbs/wkw/WHD6K05.jsp?ab=AAAdkxAAHAAAJ3sAAA&bc=105&cd=%AA%6B%B5%6E%AA%C0++++++++++++++&de=000002&ef=PHD&fg=1,output/details/PHD/105/000002/AAAdkxAAHAAAJ3sAAA.json,AAAdkxAAHAAAJ3sAAA,PHD
臺灣澎湖地方法院,105法登社2,76,設立登記,社團法人澎湖縣關懷服務協會,105/05/20,社團,,,http://cdcb.judicial.gov.tw/abbs/wkw/WHD6K05.jsp?ab=AAAdkxAAHAAAJ3tAAC&bc=105&cd=%AA%6B%B5%6E%AA%C0++++++++++++++&de=000002&ef=PHD&fg=1,output/details/PHD/105/000002/AAAdkxAAHAAAJ3tAAC.json,AAAdkxAAHAAAJ3tAAC,PHD
臺灣澎湖地方法院,105法登社2,76,設立登記,社團法人澎湖縣關懷服務協會,105/05/20,社團,,,http://cdcb.judicial.gov.tw/abbs/wkw/WHD6K05.jsp?ab=AAAdkxAAHAAAJ3OAAE&bc=105&cd=%AA%6B%B5%6E%AA%C0++++++++++++++&de=000002&ef=PHD&fg=1,output/details/PHD/105/000002/AAAdkxAAHAAAJ3OAAE.json,AAAdkxAAHAAAJ3OAAE,PHD
臺灣澎湖地方法院,105法登他5,8,變更登記,財團法人臺灣省澎湖縣馬公教會,105/05/05,財團,,,http://cdcb.judicial.gov.tw/abbs/wkw/WHD6K05.jsp?ab=AAAdkxAAHAAAJ2%2BAAA&bc=105&cd=%AA%6B%B5%6E%A5%4C++++++++++++++&de=000005&ef=PHD&fg=1,output/details/PHD/105/000005/AAAdkxAAHAAAJ2+AAA.json,AAAdkxAAHAAAJ2+AAA,PHD
臺灣澎湖地方法院,105法登社2,76,設立登記,社團法人澎湖縣關懷服務協會,105/05/20,社團,,,http://cdcb.judicial.gov.tw/abbs/wkw/WHD6K05.jsp?ab=AAAdkxAAHAAAJ2%2BAAD&bc=105&cd=%AA%6B%B5%6E%AA%C0++++++++++++++&de=000002&ef=PHD&fg=1,output/details/PHD/105/000002/AAAdkxAAHAAAJ2+AAD.json,AAAdkxAAHAAAJ2+AAD,PHD
臺灣澎湖地方法院,105法登他6,19,變更登記,財團法人澎湖馬公城隍廟,105/06/16,財團,,,http://cdcb.judicial.gov.tw/abbs/wkw/WHD6K05.jsp?ab=AAAdkxAAHAAAJ3QAAA&bc=105&cd=%AA%6B%B5%6E%A5%4C++++++++++++++&de=000006&ef=PHD&fg=1,output/details/PHD/105/000006/AAAdkxAAHAAAJ3QAAA.json,AAAdkxAAHAAAJ3QAAA,PHD
